,simulation,alpha,true_gamma,gamma,gamma_scaled
0,0.0,2.0,1.0,1.065815488189847,0.03330673400593269
1,1.0,2.0,1.0,0.9931099944771418,0.03103468732741065
2,2.0,2.0,1.0,0.961908446217516,0.030059638944297376
3,3.0,2.0,1.0,0.9953305837472974,0.03110408074210304
4,4.0,2.0,1.0,1.0420927246089842,0.032565397644030755
5,5.0,2.0,1.0,0.9140600014475793,0.028564375045236866
6,6.0,2.0,1.0,0.924617934014307,0.028894310437947095
7,7.0,2.0,1.0,1.0348105203576892,0.03233782876117789
8,8.0,2.0,1.0,0.9775234050433674,0.030547606407605232
9,9.0,2.0,1.0,0.9641925157254962,0.03013101611642173
10,10.0,2.0,1.0,0.9996792210595133,0.031239975658109813
11,11.0,2.0,1.0,0.9639389323068316,0.030123091568159913
12,12.0,2.0,1.0,1.0275343540135495,0.03211044856292342
13,13.0,2.0,1.0,0.9994297326394794,0.031232179144983725
14,14.0,2.0,1.0,1.1021709744694188,0.03444284295216934
15,15.0,2.0,1.0,1.0439568450982029,0.03262365140931884
16,16.0,2.0,1.0,1.0906777655688156,0.03408368017402544
17,17.0,2.0,1.0,1.0199195443462377,0.03187248576081993
18,18.0,2.0,1.0,0.9957936511655564,0.031118551598923634
19,19.0,2.0,1.0,1.0432851021229803,0.032602659441343135
20,20.0,2.0,1.0,1.0539872856994303,0.03293710267810711
21,21.0,2.0,1.0,1.0514955671822555,0.03285923647444548
22,22.0,2.0,1.0,0.9634762192935018,0.030108631852921928
23,23.0,2.0,1.0,0.9861854184447287,0.030818294326397766
24,24.0,2.0,1.0,1.0367600929284453,0.032398752904014484
25,25.0,2.0,1.0,0.9534234672908921,0.029794483352840382
26,26.0,2.0,1.0,1.0573512781930892,0.03304222744353401
27,27.0,2.0,1.0,1.0191996531064167,0.03184998915957552
28,28.0,2.0,1.0,1.0328849251722199,0.03227765391163204
29,29.0,2.0,1.0,0.9985568317654794,0.03120490099267123
30,30.0,2.0,1.0,1.0212278980046894,0.03191337181264654
31,31.0,2.0,1.0,1.0174370003906268,0.03180945081508545
32,32.0,2.0,1.0,0.9340985928922316,0.029190581027882384
33,33.0,2.0,1.0,1.0285976844878537,0.03214367764024552
34,34.0,2.0,1.0,1.073433384322321,0.03354479326007255
35,35.0,2.0,1.0,1.0389537877949921,0.03246730595883712
36,36.0,2.0,1.0,1.0426887323502116,0.032584022885944114
37,37.0,2.0,1.0,1.003996451525815,0.0313748891101818
38,38.0,2.0,1.0,1.0247038887911821,0.03202199652472444
39,39.0,2.0,1.0,1.017223162509191,0.0317882238284124
40,40.0,2.0,1.0,0.963451183751326,0.030107849492228937
41,41.0,2.0,1.0,1.0017048176252996,0.03130327555079056
42,42.0,2.0,1.0,1.0615865533659261,0.03317457979268519
43,43.0,2.0,1.0,0.9963454232849027,0.03113579447765321
44,44.0,2.0,1.0,1.079440541315189,0.03373251691609967
45,45.0,2.0,1.0,0.9707006046503313,0.030334393818082936
46,46.0,2.0,1.0,1.019675676241727,0.03186486488255422
47,47.0,2.0,1.0,0.9827622700544465,0.030711320939201453
48,48.0,2.0,1.0,1.0137940072228107,0.031681062725712826
49,49.0,2.0,1.0,1.0158897597468,0.0317465549920877
50,50.0,2.0,1.0,1.0598956242755688,0.03312173825861171
51,51.0,2.0,1.0,1.0547814723519855,0.032961921010999554
52,52.0,2.0,1.0,1.0105465103256501,0.031579578447676566
53,53.0,2.0,1.0,1.0282299240212551,0.03213218512566422
54,54.0,2.0,1.0,1.0142557354715125,0.031695491733484765
55,55.0,2.0,1.0,0.9251866605291759,0.028912083141536746
56,56.0,2.0,1.0,0.9919967211467486,0.030999897535835895
57,57.0,2.0,1.0,1.0031488557439727,0.03134589604535057
58,58.0,2.0,1.0,0.9990007112964796,0.03121877222801501
59,59.0,2.0,1.0,1.1219113262561768,0.035059728945505526
60,60.0,2.0,1.0,0.9324445035101662,0.029138890734692693
61,61.0,2.0,1.0,1.0499054141472897,0.0328095441921028
62,62.0,2.0,1.0,0.9162386678320099,0.028632458369750313
63,63.0,2.0,1.0,1.0548167677459757,0.03296302399206174
64,64.0,2.0,1.0,0.958182366265058,0.029943198945783064
65,65.0,2.0,1.0,0.9900880585186647,0.030940251828708347
66,66.0,2.0,1.0,1.0183738710799566,0.03182418347124864
67,67.0,2.0,1.0,1.0083332502333195,0.0315104141631193
68,68.0,2.0,1.0,1.0388780213536557,0.03246493816730174
69,69.0,2.0,1.0,1.0234513518784951,0.03198285474620297
70,70.0,2.0,1.0,1.015405261701705,0.0317314144281783
71,71.0,2.0,1.0,1.0667762861960397,0.03333675894362624
72,72.0,2.0,1.0,0.9001581898098188,0.02812994343155685
73,73.0,2.0,1.0,0.9596713264211415,0.029989728950660665
74,74.0,2.0,1.0,0.9701601952504066,0.030317506191877057
75,75.0,2.0,1.0,1.048787299670313,0.03277460311469728
76,76.0,2.0,1.0,1.0162225410039074,0.03175695440637211
77,77.0,2.0,1.0,0.9876953007255469,0.030865478147673323
78,78.0,2.0,1.0,0.9914978801157812,0.030984308753618336
79,79.0,2.0,1.0,1.0275390897600287,0.03211059655500089
80,80.0,2.0,1.0,1.0632567282516023,0.03322677275786257
81,81.0,2.0,1.0,1.0070819911318079,0.03147131222286901
82,82.0,2.0,1.0,1.1233793982522715,0.035105606195383485
83,83.0,2.0,1.0,0.9912176744307066,0.030975552326053347
84,84.0,2.0,1.0,1.0014482833523766,0.03129525885476177
85,85.0,2.0,1.0,0.9953373052860999,0.03110429079019062
86,86.0,2.0,1.0,1.0141512435258435,0.03169222636018262
87,87.0,2.0,1.0,0.9870437828082191,0.03084511821275684
88,88.0,2.0,1.0,0.9310613964550267,0.02909566863921959
89,89.0,2.0,1.0,0.9531175986828564,0.029784924958839262
90,90.0,2.0,1.0,0.9936258551463598,0.031050807973323744
91,91.0,2.0,1.0,1.0128777010563608,0.03165242815801128
92,92.0,2.0,1.0,1.0208329413541302,0.03190102941731657
93,93.0,2.0,1.0,1.032526483566018,0.03226645261143807
94,94.0,2.0,1.0,0.9271764788476092,0.02897426496398727
95,95.0,2.0,1.0,1.0672171829002872,0.03335053696563399
96,96.0,2.0,1.0,0.9975371201230347,0.031173035370795778
97,97.0,2.0,1.0,0.9843489041662206,0.0307609032551947
98,98.0,2.0,1.0,1.0271970800415002,0.03209990875129776
99,99.0,2.0,1.0,0.927473596930954,0.028983549565362456
100,100.0,2.0,1.0,1.0255296190328616,0.032047800594777014
101,101.0,2.0,1.0,0.9462264986823885,0.029569578083824634
102,102.0,2.0,1.0,1.1790773191375716,0.036846166223049114
103,103.0,2.0,1.0,1.0718009507119621,0.0334937797097488
104,104.0,2.0,1.0,0.9617761423741553,0.030056177508554403
105,105.0,2.0,1.0,0.9674088505840495,0.030231526580751556
106,106.0,2.0,1.0,0.91259627737719,0.028518633668037186
107,107.0,2.0,1.0,1.0114778270431328,0.03160868209509787
108,108.0,2.0,1.0,0.9698065042191216,0.03030645325684755
109,109.0,2.0,1.0,0.9012239181304225,0.02816324744173518
110,110.0,2.0,1.0,0.948547932539683,0.0296421230675118
111,111.0,2.0,1.0,1.0044384805736546,0.0313887023417915
112,112.0,2.0,1.0,0.9948834839496726,0.03109010887342727
113,113.0,2.0,1.0,1.032040539860789,0.03225126758420375
114,114.0,2.0,1.0,1.0285985531957986,0.03214370478736871
115,115.0,2.0,1.0,0.9958316271350917,0.03111973834867989
116,116.0,2.0,1.0,1.1309922259994338,0.035343507062482335
117,117.0,2.0,1.0,0.9634065490531305,0.030106454657910328
118,118.0,2.0,1.0,0.9676146618346015,0.030237958182331298
119,119.0,2.0,1.0,1.0289000078936716,0.03215312524667724
120,120.0,2.0,1.0,1.1270352576670515,0.035219851802095345
121,121.0,2.0,1.0,1.1527741256639605,0.03602419142699877
122,122.0,2.0,1.0,1.0841619131449463,0.03388005978577957
123,123.0,2.0,1.0,1.099506979343533,0.03435959310448541
124,124.0,2.0,1.0,0.9954401549987849,0.0311075048437122
125,125.0,2.0,1.0,0.9342593961856062,0.029195606130800356
126,126.0,2.0,1.0,1.072899193441436,0.0335280997950449
127,127.0,2.0,1.0,0.9718994989015215,0.03037185934067255
128,128.0,2.0,1.0,1.0045791402912148,0.03139292831834241
129,129.0,2.0,1.0,0.9658898285478594,0.030184057142120607
130,130.0,2.0,1.0,1.0012410253377384,0.031288782041804325
131,131.0,2.0,1.0,0.9667956937449677,0.03021236578717118
132,132.0,2.0,1.0,0.9836142969656538,0.03073794675732716
133,133.0,2.0,1.0,0.9540999696675478,0.02981562405211087
134,134.0,2.0,1.0,1.0123019708106527,0.03163443650049657
135,135.0,2.0,1.0,0.9601245836231023,0.030003893238227393
136,136.0,2.0,1.0,0.9460335403324427,0.029563548135388834
137,137.0,2.0,1.0,1.042888352750753,0.032590261023461034
138,138.0,2.0,1.0,1.0291324730731828,0.03216038978353696
139,139.0,2.0,1.0,1.0209074961252491,0.031903359253914035
140,140.0,2.0,1.0,1.06637283576933,0.033324151117791634
141,141.0,2.0,1.0,1.028347756377808,0.03213586738680652
142,142.0,2.0,1.0,1.0003653822631673,0.03126141819572398
143,143.0,2.0,1.0,1.044076594091191,0.0326273935653497
144,144.0,2.0,1.0,0.9970143760528105,0.03115669925165033
145,145.0,2.0,1.0,1.0054404991334087,0.03142001559791902
146,146.0,2.0,1.0,1.0170394031173051,0.03178248134741557
147,147.0,2.0,1.0,0.9570856962786253,0.029908928008706932
148,148.0,2.0,1.0,0.9882680194966627,0.0308833756092707
149,149.0,2.0,1.0,1.0812126474080714,0.033787895231502246
150,150.0,2.0,1.0,0.9112496528956916,0.028476551903626694
151,151.0,2.0,1.0,1.0753302142326366,0.033604069194769895
152,152.0,2.0,1.0,0.9527462963048035,0.029773321759525108
153,153.0,2.0,1.0,0.9489363128927213,0.02965425977789755
154,154.0,2.0,1.0,1.0137169864620579,0.03167865582693931
155,155.0,2.0,1.0,0.9935494026646559,0.031048418833270582
156,156.0,2.0,1.0,0.9453857471963266,0.029543304599885065
157,157.0,2.0,1.0,0.9716372483095814,0.03036366400967442
158,158.0,2.0,1.0,1.0278991329551372,0.032121847904848025
159,159.0,2.0,1.0,1.0499336628295108,0.03281042696342219
160,160.0,2.0,1.0,1.0571733231292557,0.03303666634778924
161,161.0,2.0,1.0,0.9484629739775314,0.029639467936797857
162,162.0,2.0,1.0,0.9807807052014783,0.030649397037546197
163,163.0,2.0,1.0,1.0463938115913494,0.032699806612229675
164,164.0,2.0,1.0,0.9451676276502736,0.02953648836407092
165,165.0,2.0,1.0,0.9784163804394724,0.03057551188873347
166,166.0,2.0,1.0,0.9426559869529963,0.02945799959228114
167,167.0,2.0,1.0,0.9970845355690767,0.03115889173653365
168,168.0,2.0,1.0,1.0652367175996114,0.033288647424987855
169,169.0,2.0,1.0,0.9995536287871014,0.03123605089959692
170,170.0,2.0,1.0,0.9742942670748986,0.030446696385388567
171,171.0,2.0,1.0,1.019881292694909,0.031871290396715546
172,172.0,2.0,1.0,1.0174968309955665,0.031796775968611475
173,173.0,2.0,1.0,0.9998269637389999,0.031244592616843748
174,174.0,2.0,1.0,1.138496442230778,0.03557801381971182
175,175.0,2.0,1.0,1.018985927205806,0.0318433102251814
176,176.0,2.0,1.0,1.0553150347351397,0.032978594835473114
177,177.0,2.0,1.0,0.9919506706323358,0.030998458457260493
178,178.0,2.0,1.0,0.9892453740892488,0.030913917940289023
179,179.0,2.0,1.0,1.0299086634026011,0.03218464573133112
180,180.0,2.0,1.0,1.1722775482330015,0.036633673382281295
181,181.0,2.0,1.0,1.069662028040097,0.03342693837625303
182,182.0,2.0,1.0,1.0306694626481465,0.03220842070775458
183,183.0,2.0,1.0,0.9973974733179631,0.03116867104118626
184,184.0,2.0,1.0,0.914399869367706,0.028574995917740816
185,185.0,2.0,1.0,1.0248615846976796,0.032026924521802495
186,186.0,2.0,1.0,0.993356415302785,0.03104238797821203
187,187.0,2.0,1.0,1.0122487915701033,0.03163564443996221
188,188.0,2.0,1.0,1.0098939662711033,0.03155918644597198
189,189.0,2.0,1.0,0.9629672226457702,0.030092726064506546
190,190.0,2.0,1.0,1.1629373817138997,0.03634179317855939
191,191.0,2.0,1.0,0.9829914654198246,0.03071848329436952
192,192.0,2.0,1.0,1.0020137426383768,0.031312929457449276
193,193.0,2.0,1.0,1.0119645782329392,0.03162389306977935
194,194.0,2.0,1.0,0.9936795153034469,0.031052485127385537
195,195.0,2.0,1.0,0.9915127611192263,0.030984773965913245
196,196.0,2.0,1.0,1.010624600365217,0.03158201876141304
197,197.0,2.0,1.0,1.0287289491510536,0.032147779660970426
198,198.0,2.0,1.0,0.9928038395075061,0.031025119984609564
199,199.0,2.0,1.0,0.9866265342393454,0.030832079376239312
200,0.0,1.8,1.0,0.99798272631907,0.021515900065090052
201,1.0,1.8,1.0,1.0161153729480308,0.021541585704503187
202,2.0,1.8,1.0,1.0182657159696187,0.02165071568456023
203,3.0,1.8,1.0,1.0205053894227403,0.021180024081585015
204,4.0,1.8,1.0,1.0300283490573405,0.021900816577830974
205,5.0,1.8,1.0,1.0840954019922588,0.023218026813558456
206,6.0,1.8,1.0,1.0585586609100663,0.02190513455571074
207,7.0,1.8,1.0,0.9419453511913622,0.020496790560511458
208,8.0,1.8,1.0,1.127912320972165,0.023982059491443657
209,9.0,1.8,1.0,0.8878649490230135,0.018728332326189586
210,10.0,1.8,1.0,0.989481369778813,0.020905238105779857
211,11.0,1.8,1.0,0.9190951739317653,0.02032222790008427
212,12.0,1.8,1.0,1.1320148088209216,0.024069287998325303
213,13.0,1.8,1.0,0.9533684072844897,0.02032182824246092
214,14.0,1.8,1.0,0.9341238718002187,0.01948193842792987
215,15.0,1.8,1.0,1.037389973563823,0.022039580332159914
216,16.0,1.8,1.0,1.0802868232974299,0.022969429788488857
217,17.0,1.8,1.0,1.0619404033352147,0.023087589771006195
218,18.0,1.8,1.0,0.9949903670168588,0.02151941679581585
219,19.0,1.8,1.0,1.0688412154823577,0.022727525247114213
220,20.0,1.8,1.0,1.0414571999960065,0.022990122001448406
221,21.0,1.8,1.0,0.9607808349085838,0.020673525781996244
222,22.0,1.8,1.0,0.9344683002104135,0.019798926571654524
223,23.0,1.8,1.0,1.0094006904380937,0.021275009466009687
224,24.0,1.8,1.0,0.9000869028888325,0.019171347512493365
225,25.0,1.8,1.0,1.1791677389211912,0.025071869807065425
226,26.0,1.8,1.0,0.94724464197806,0.020140641195664076
227,27.0,1.8,1.0,1.034585085102877,0.02211477016273438
228,28.0,1.8,1.0,0.8606346389140955,0.019191581059782463
229,29.0,1.8,1.0,0.9988750741351802,0.021443990310557368
230,30.0,1.8,1.0,1.0694164651055695,0.022738300495898284
231,31.0,1.8,1.0,1.0478411173363076,0.02227775893596049
232,32.0,1.8,1.0,0.9875068762921122,0.02093068507016909
233,33.0,1.8,1.0,1.0686563475476678,0.022722138615089676
234,34.0,1.8,1.0,1.119262958048692,0.023818682768296927
235,35.0,1.8,1.0,1.1170610932680205,0.023751337048214208
236,36.0,1.8,1.0,0.9495754201002213,0.021376378087987525
237,37.0,1.8,1.0,0.992112737456384,0.021216764483003067
238,38.0,1.8,1.0,1.0681655238971377,0.022743767712676947
239,39.0,1.8,1.0,0.9091135458200059,0.01960345714264163
240,40.0,1.8,1.0,0.9848802085610795,0.020954003577412526
241,41.0,1.8,1.0,1.0082339207692388,0.02147069175250252
242,42.0,1.8,1.0,0.9672989910076876,0.020531404240413557
243,43.0,1.8,1.0,1.1280797421677076,0.024008504603141554
244,44.0,1.8,1.0,0.9263247058816935,0.019695834323098155
245,45.0,1.8,1.0,1.0752241867657892,0.02286178627025751
246,46.0,1.8,1.0,0.9850007363645417,0.02130591498646959
247,47.0,1.8,1.0,1.1003200757174554,0.023395383687928553
248,48.0,1.8,1.0,1.0025733950013562,0.021286735508340267
249,49.0,1.8,1.0,1.2896774029694247,0.0278357456224727
250,50.0,1.8,1.0,1.009517544620692,0.022458537319088725
251,51.0,1.8,1.0,1.0082238442886648,0.021987410794388026
252,52.0,1.8,1.0,1.057034312754936,0.022475027048077273
253,53.0,1.8,1.0,0.9887799629555251,0.021791086248442688
254,54.0,1.8,1.0,1.0972513697962718,0.023330136513514222
255,55.0,1.8,1.0,0.9193313871319957,0.01887227058139429
256,56.0,1.8,1.0,0.9619321291391683,0.02064783506027586
257,57.0,1.8,1.0,0.9761358218702725,0.020766508963361196
258,58.0,1.8,1.0,1.0575785200846262,0.02194766465664718
259,59.0,1.8,1.0,1.0409919172941438,0.022434192287368305
260,60.0,1.8,1.0,1.0059922704954303,0.02182097219288104
261,61.0,1.8,1.0,1.0412760324043326,0.02213996894245414
262,62.0,1.8,1.0,1.0187585601745943,0.021657318901072857
263,63.0,1.8,1.0,1.0449151460107344,0.02221734502690577
264,64.0,1.8,1.0,0.9609633317540969,0.020101950995253783
265,65.0,1.8,1.0,0.9502201612226693,0.020203907708685694
266,66.0,1.8,1.0,0.9864364355284656,0.020977632739037785
267,67.0,1.8,1.0,0.9793516772086139,0.02086135340005677
268,68.0,1.8,1.0,1.0127829755782707,0.02139227968100182
269,69.0,1.8,1.0,1.022591968414183,0.021880461952940536
270,70.0,1.8,1.0,0.9963377894639869,0.022054939438920354
271,71.0,1.8,1.0,0.9407172461188618,0.019860812334253974
272,72.0,1.8,1.0,1.1005462318695947,0.023400192297777116
273,73.0,1.8,1.0,0.9892113974976454,0.021032952777708065
274,74.0,1.8,1.0,1.1011187020505377,0.023371510811921743
275,75.0,1.8,1.0,0.9937019096774797,0.02112843159130083
276,76.0,1.8,1.0,1.0095735860077515,0.02147280269420139
277,77.0,1.8,1.0,1.1255360572384143,0.024137373711249195
278,78.0,1.8,1.0,1.0459927986656194,0.02218466019964742
279,79.0,1.8,1.0,1.0318075533074247,0.02132438634766754
280,80.0,1.8,1.0,0.9851476853086392,0.018894898031819006
281,81.0,1.8,1.0,1.0457253657125896,0.022210057659352793
282,82.0,1.8,1.0,1.0548097936831546,0.022427728168991516
283,83.0,1.8,1.0,0.9782389445266868,0.02069610830370605
284,84.0,1.8,1.0,0.9913746353208219,0.021191899999734
285,85.0,1.8,1.0,0.9986683213447005,0.021203977663725573
286,86.0,1.8,1.0,1.0229834206455455,0.021774399221653626
287,87.0,1.8,1.0,1.099798204370975,0.023384287573849617
288,88.0,1.8,1.0,0.9982712161689493,0.02136235290661912
289,89.0,1.8,1.0,1.0494264800505892,0.02236959533283863
290,90.0,1.8,1.0,1.0999016858577195,0.02338648773890818
291,91.0,1.8,1.0,0.9384940773094557,0.019647016707768306
292,92.0,1.8,1.0,0.9127434320862272,0.019471719606460217
293,93.0,1.8,1.0,1.0473155553624638,0.022207755598394666
294,94.0,1.8,1.0,1.1367259271666956,0.024263094225632664
295,95.0,1.8,1.0,1.0109024230960046,0.02168570597499851
296,96.0,1.8,1.0,1.1085797212754824,0.023571003111058954
297,97.0,1.8,1.0,0.9691852755947981,0.021257983151310708
298,98.0,1.8,1.0,0.983063996090769,0.02100738485893712
299,99.0,1.8,1.0,0.8434162258785103,0.017933005721254523
300,100.0,1.8,1.0,1.0589814648543472,0.022457789719200365
301,101.0,1.8,1.0,1.0098125214316944,0.0214847797301236
302,102.0,1.8,1.0,1.1053677649518892,0.02350270939158805
303,103.0,1.8,1.0,1.0708791563630722,0.022231836469519026
304,104.0,1.8,1.0,1.0659131906771564,0.022663812670741246
305,105.0,1.8,1.0,1.0405994943648191,0.02200894034368995
306,106.0,1.8,1.0,1.0222603332451259,0.022036806936925158
307,107.0,1.8,1.0,0.9725939863243065,0.02052140116593524
308,108.0,1.8,1.0,1.0489685052848934,0.023113059589440644
309,109.0,1.8,1.0,1.1137628816144853,0.023681209247912345
310,110.0,1.8,1.0,1.0208192252760635,0.021441023890987496
311,111.0,1.8,1.0,1.0253110568253523,0.021455864287570833
312,112.0,1.8,1.0,1.0367647584014885,0.023076202875656242
313,113.0,1.8,1.0,0.9607777855996505,0.020607313023655024
314,114.0,1.8,1.0,1.0325102540450315,0.021953688972770512
315,115.0,1.8,1.0,0.9147074572252389,0.01958384398519633
316,116.0,1.8,1.0,1.0238639036664248,0.02148253953148266
317,117.0,1.8,1.0,0.9639822115918675,0.020496521154376005
318,118.0,1.8,1.0,1.0108102964213366,0.021479779168322638
319,119.0,1.8,1.0,1.0951233632353643,0.022017509228737096
320,120.0,1.8,1.0,0.9498236669819667,0.020250517379075107
321,121.0,1.8,1.0,1.1769573917512735,0.025024872645725775
322,122.0,1.8,1.0,0.979909901196441,0.020188396226915227
323,123.0,1.8,1.0,0.9093452921722465,0.01948441324538777
324,124.0,1.8,1.0,1.1027900096927796,0.023447900273158434
325,125.0,1.8,1.0,1.0158301007579753,0.021596899943170496
326,126.0,1.8,1.0,0.9885410784122144,0.02105079194069153
327,127.0,1.8,1.0,1.0975693102651234,0.02333689596729794
328,128.0,1.8,1.0,0.9927457041679681,0.020482373395029778
329,129.0,1.8,1.0,0.9703686318353726,0.020686944877578155
330,130.0,1.8,1.0,0.9671932746442915,0.020649951291952913
331,131.0,1.8,1.0,0.9945469544091345,0.02111514778966448
332,132.0,1.8,1.0,1.0629386693339167,0.02253045353013119
333,133.0,1.8,1.0,1.0013065753268175,0.02124299075791125
334,134.0,1.8,1.0,1.049099036576507,0.0223733867235969
335,135.0,1.8,1.0,0.9845523514028751,0.020486195663516955
336,136.0,1.8,1.0,0.9166008850029956,0.019197875047510457
337,137.0,1.8,1.0,1.0288240690529329,0.022375593449364795
338,138.0,1.8,1.0,1.0354813552757518,0.022016760517208682
339,139.0,1.8,1.0,1.128001587480472,0.023924597556102392
340,140.0,1.8,1.0,0.9246917576414433,0.019928596509725227
341,141.0,1.8,1.0,1.0196193667112066,0.022037691380158785
342,142.0,1.8,1.0,0.9521247240394106,0.020296128895473206
343,143.0,1.8,1.0,1.0265602518039048,0.02184521179759722
344,144.0,1.8,1.0,0.9594312434474914,0.020387288321159346
345,145.0,1.8,1.0,0.9221671945328322,0.021782786908420948
346,146.0,1.8,1.0,1.1825969253314286,0.025144782347312072
347,147.0,1.8,1.0,0.9568624899457979,0.020345139185315615
348,148.0,1.8,1.0,1.0703660418791643,0.02275849072367805
349,149.0,1.8,1.0,1.0126991638175726,0.0214844126782613
350,150.0,1.8,1.0,0.9861689187779493,0.019212794495817632
351,151.0,1.8,1.0,1.016400016893209,0.021467839762481414
352,152.0,1.8,1.0,1.0086721388020152,0.02100075408686436
353,153.0,1.8,1.0,0.9048344158765327,0.019167126105908795
354,154.0,1.8,1.0,1.0065222313329425,0.02140102167736052
355,155.0,1.8,1.0,0.996051057750598,0.021300523234258857
356,156.0,1.8,1.0,1.0732467692611571,0.02238493528553458
357,157.0,1.8,1.0,0.9608428538341408,0.020463842020757614
358,158.0,1.8,1.0,1.0971652066910935,0.02233548078603298
359,159.0,1.8,1.0,1.0405672043683376,0.02143458622806138
360,160.0,1.8,1.0,1.0411152812530489,0.022136550996216937
361,161.0,1.8,1.0,1.0390502917785565,0.022237021938826346
362,162.0,1.8,1.0,1.0586111498888204,0.022682284757941058
363,163.0,1.8,1.0,0.9048915077103695,0.01843815635195706
364,164.0,1.8,1.0,1.0015575025240016,0.021248652368561674
365,165.0,1.8,1.0,1.2267563559796009,0.02608371537985412
366,166.0,1.8,1.0,1.102835223914006,0.023448861633473664
367,167.0,1.8,1.0,1.05948147117698,0.022527059239807364
368,168.0,1.8,1.0,1.1415687897892437,0.02427242832190564
369,169.0,1.8,1.0,0.9840470526703632,0.02107250638368291
370,170.0,1.8,1.0,1.0372574499830427,0.02241536626338268
371,171.0,1.8,1.0,1.0316029341767032,0.021832144779474878
372,172.0,1.8,1.0,1.0468278980885755,0.02168613761939861
373,173.0,1.8,1.0,0.9475624857918165,0.020074882735589227
374,174.0,1.8,1.0,1.0025273415848621,0.021566396888843598
375,175.0,1.8,1.0,0.9677393396390297,0.020775985521464646
376,176.0,1.8,1.0,1.0193518947734317,0.02195388620402862
377,177.0,1.8,1.0,0.9055813994076047,0.01943960178713855
378,178.0,1.8,1.0,1.030524875137424,0.02191137407760696
379,179.0,1.8,1.0,1.0255771387726589,0.021897657684521545
380,180.0,1.8,1.0,1.0093484172094151,0.021435169012423594
381,181.0,1.8,1.0,0.9821854172190324,0.021158062892430052
382,182.0,1.8,1.0,1.1197689486560662,0.02380891272392022
383,183.0,1.8,1.0,1.0082282960557998,0.021390477195065725
384,184.0,1.8,1.0,0.9643541541986942,0.020077349186743906
385,185.0,1.8,1.0,0.9600926614420273,0.020306811486309348
386,186.0,1.8,1.0,1.0039764305027683,0.019729859319594537
387,187.0,1.8,1.0,0.9851600401229479,0.02082716424941658
388,188.0,1.8,1.0,0.9798163927140624,0.020821976740391962
389,189.0,1.8,1.0,1.0618758652941445,0.022681572783305758
390,190.0,1.8,1.0,1.112767767290407,0.023660050785080544
391,191.0,1.8,1.0,0.9358641329963007,0.02048544477617331
392,192.0,1.8,1.0,0.9305376761978699,0.019573504134576564
393,193.0,1.8,1.0,1.1106989009841828,0.02302491731313107
394,194.0,1.8,1.0,0.9927632022680952,0.020984591394721128
395,195.0,1.8,1.0,1.054043773880846,0.022935289872954557
396,196.0,1.8,1.0,1.0239495502464835,0.02183849121929191
397,197.0,1.8,1.0,0.9309911216979567,0.019584603831867744
398,198.0,1.8,1.0,1.1173214115799428,0.023828549788507083
399,199.0,1.8,1.0,1.067271325977802,0.022275840640059205
400,0.0,1.5,1.0,1.048578107067967,0.010321293980889466
401,1.0,1.5,1.0,1.0084874601885616,0.009922968920128516
402,2.0,1.5,1.0,0.9987918589087597,0.009872010420599594
403,3.0,1.5,1.0,0.9285311189993783,0.00913893962455476
404,4.0,1.5,1.0,1.0241486780435523,0.010083629680179593
405,5.0,1.5,1.0,1.0736540726921975,0.010663414688279336
406,6.0,1.5,1.0,0.9655271404487402,0.00975007934492379
407,7.0,1.5,1.0,1.0956625717126895,0.010410793113369234
408,8.0,1.5,1.0,0.9467360386861574,0.00970530748607282
409,9.0,1.5,1.0,1.0675518001018176,0.010671341734423377
410,10.0,1.5,1.0,0.9489411764666554,0.009524995010379468
411,11.0,1.5,1.0,0.9361295791108177,0.009137329484988233
412,12.0,1.5,1.0,1.018706453145863,0.010060499344947902
413,13.0,1.5,1.0,1.0409230224536707,0.010205064838485841
414,14.0,1.5,1.0,0.9780834648383594,0.009587097583787962
415,15.0,1.5,1.0,0.9560214710969663,0.009547566686791246
416,16.0,1.5,1.0,1.0687986136058265,0.010474234089912344
417,17.0,1.5,1.0,1.181098104276241,0.011669940605400948
418,18.0,1.5,1.0,0.899208154403433,0.008851025640390683
419,19.0,1.5,1.0,0.9251259270781492,0.009111021476181093
420,20.0,1.5,1.0,0.916521921787058,0.008865428742902873
421,21.0,1.5,1.0,1.0452680357777353,0.01048856194803579
422,22.0,1.5,1.0,1.0753003467550242,0.010503422220062706
423,23.0,1.5,1.0,1.0825569042602474,0.010698525875777163
424,24.0,1.5,1.0,0.9828906193307411,0.010274647939337814
425,25.0,1.5,1.0,1.0164886614771376,0.0100158562597506
426,26.0,1.5,1.0,1.0105392678088259,0.009922648334354318
427,27.0,1.5,1.0,1.0667859593209559,0.010881590262402815
428,28.0,1.5,1.0,1.0382890458771659,0.01019798145290939
429,29.0,1.5,1.0,0.9838274729011631,0.009752362531504067
430,30.0,1.5,1.0,1.0313847478813343,0.01012977824724481
431,31.0,1.5,1.0,1.0828799198963932,0.010669398308421368
432,32.0,1.5,1.0,0.9322964807798438,0.008796099938899953
433,33.0,1.5,1.0,0.968980383605314,0.00951652299680122
434,34.0,1.5,1.0,1.002652439971698,0.009862521302292447
435,35.0,1.5,1.0,1.1378895593582756,0.011123271363075952
436,36.0,1.5,1.0,0.9879250644681047,0.009722375576117818
437,37.0,1.5,1.0,1.0083525292425106,0.009938731646382704
438,38.0,1.5,1.0,0.9341726127482953,0.00947348350713615
439,39.0,1.5,1.0,1.0121953596818625,0.009966335218150608
440,40.0,1.5,1.0,0.9911984506409749,0.009936706682944222
441,41.0,1.5,1.0,1.1201258747589358,0.010669987546543039
442,42.0,1.5,1.0,1.088928817857706,0.010134195515644224
443,43.0,1.5,1.0,0.9475099931630302,0.009326467073217628
444,44.0,1.5,1.0,0.926773148294422,0.009678701600220505
445,45.0,1.5,1.0,0.9994576633665512,0.009785874825765853
446,46.0,1.5,1.0,0.9040854313413957,0.00872381600689395
447,47.0,1.5,1.0,0.978033930581686,0.009623860005164592
448,48.0,1.5,1.0,1.0243753782057687,0.009774129528413507
449,49.0,1.5,1.0,0.9476999244732507,0.009500405025220525
450,50.0,1.5,1.0,0.9690490092401748,0.009539945578239027
451,51.0,1.5,1.0,1.0212352850036797,0.010217512948675869
452,52.0,1.5,1.0,0.9132907265896066,0.009125334264849405
453,53.0,1.5,1.0,0.9765044047461258,0.009613093888921585
454,54.0,1.5,1.0,1.0001700621211285,0.009840523008658161
455,55.0,1.5,1.0,0.8562211438948708,0.008431052647653942
456,56.0,1.5,1.0,0.9218392519904987,0.00916067035455053
457,57.0,1.5,1.0,0.9938660909662618,0.00978882509154426
458,58.0,1.5,1.0,1.0257412857056305,0.009928515182947378
459,59.0,1.5,1.0,1.1587244586449927,0.011129553599323133
460,60.0,1.5,1.0,1.066597277267133,0.010382468679318663
461,61.0,1.5,1.0,1.0040081192056203,0.009939599572467307
462,62.0,1.5,1.0,0.9800874540523226,0.00965966612924286
463,63.0,1.5,1.0,1.0190657189257075,0.009829889467235859
464,64.0,1.5,1.0,1.080821638181737,0.010235309335632159
465,65.0,1.5,1.0,0.8710758429290102,0.008700329787620085
466,66.0,1.5,1.0,1.0830968283656328,0.010661066352595613
467,67.0,1.5,1.0,1.0404884578218532,0.01024166648580008
468,68.0,1.5,1.0,0.9812852327999098,0.009697927555769549
469,69.0,1.5,1.0,0.9337048751541912,0.009367976604928703
470,70.0,1.5,1.0,0.9492240731808175,0.009445154706709213
471,71.0,1.5,1.0,0.9615268339397827,0.009635896265696848
472,72.0,1.5,1.0,1.0016916187296379,0.009891938889356574
473,73.0,1.5,1.0,0.9736899180379394,0.009589070367706638
474,74.0,1.5,1.0,1.0177949345008779,0.010082388010990831
475,75.0,1.5,1.0,1.0182190561083813,0.009744370971567953
476,76.0,1.5,1.0,1.0920406236099716,0.010726553498694679
477,77.0,1.5,1.0,0.9937303255960024,0.009650715853252688
478,78.0,1.5,1.0,1.0647528223187765,0.010630874482289866
479,79.0,1.5,1.0,1.0290311157350032,0.01025357132876081
480,80.0,1.5,1.0,1.0165506444888097,0.009983120252672086
481,81.0,1.5,1.0,0.9845115617957272,0.009558499317951224
482,82.0,1.5,1.0,0.9488699783888777,0.00941527812980487
483,83.0,1.5,1.0,1.1081179106991426,0.010713848466722405
484,84.0,1.5,1.0,0.9160184540094312,0.00955811738873889
485,85.0,1.5,1.0,1.0723892028609394,0.010410424799875818
486,86.0,1.5,1.0,1.071579985779585,0.01055577530211759
487,87.0,1.5,1.0,0.9325426876385243,0.008866190709655084
488,88.0,1.5,1.0,0.9073566693451041,0.00883801237965176
489,89.0,1.5,1.0,1.0825602384791768,0.010642686279827987
490,90.0,1.5,1.0,1.0640500365571548,0.010827137675789572
491,91.0,1.5,1.0,1.042048233865101,0.010207384513253637
492,92.0,1.5,1.0,0.8964362541913623,0.008919205030016683
493,93.0,1.5,1.0,1.0287109861795982,0.01013198817913884
494,94.0,1.5,1.0,0.9764368852883252,0.00961119832553594
495,95.0,1.5,1.0,0.9788494147557365,0.00981187292321439
496,96.0,1.5,1.0,0.9823076560937591,0.010779652849539082
497,97.0,1.5,1.0,1.0580860670216672,0.010397084572415127
498,98.0,1.5,1.0,1.0096748060148208,0.009525725000166194
499,99.0,1.5,1.0,1.0356448884061753,0.010192860361293495
500,100.0,1.5,1.0,0.9714117282395173,0.009479315528868491
501,101.0,1.5,1.0,1.0509353563017831,0.01032052396592116
502,102.0,1.5,1.0,0.9748079495867055,0.0096983940537533
503,103.0,1.5,1.0,0.9438733165494799,0.00944197069288555
504,104.0,1.5,1.0,1.0253983409801442,0.009884578955091382
505,105.0,1.5,1.0,0.9787230155946289,0.009728050882207868
506,106.0,1.5,1.0,0.9532935622852438,0.009533915129860196
507,107.0,1.5,1.0,1.035299645509486,0.010420131606857168
508,108.0,1.5,1.0,1.0842255672043881,0.0103048255325595
509,109.0,1.5,1.0,1.0417757649749322,0.010087473298045059
510,110.0,1.5,1.0,1.004962784362732,0.009863876962723506
511,111.0,1.5,1.0,1.0085106848448384,0.010027034932874955
512,112.0,1.5,1.0,0.9703800848964946,0.00933341086445403
513,113.0,1.5,1.0,0.9381013438801031,0.00949158575155221
514,114.0,1.5,1.0,1.0142008899985533,0.009973921609617036
515,115.0,1.5,1.0,1.0085887427918983,0.009997141667090198
516,116.0,1.5,1.0,0.987340226450931,0.009858077062519607
517,117.0,1.5,1.0,0.9817379360907503,0.009801520565842072
518,118.0,1.5,1.0,0.9553361117276319,0.009373460137922153
519,119.0,1.5,1.0,1.0918342049289596,0.01074535680162341
520,120.0,1.5,1.0,0.9542145722243516,0.009489639945323062
521,121.0,1.5,1.0,1.0923842661280647,0.010718540890003203
522,122.0,1.5,1.0,1.138083749367708,0.011309799401315539
523,123.0,1.5,1.0,1.0645349120845764,0.010617086801154182
524,124.0,1.5,1.0,1.0236230214199105,0.010159965781436176
525,125.0,1.5,1.0,1.0469783447036622,0.010309489247723558
526,126.0,1.5,1.0,0.9563093770727703,0.009589609123032469
527,127.0,1.5,1.0,0.9500562562908905,0.009804763758942842
528,128.0,1.5,1.0,1.0400469241295096,0.010399604132807522
529,129.0,1.5,1.0,1.1009061735030774,0.01081665504871697
530,130.0,1.5,1.0,0.9677868075019314,0.00944602088511031
531,131.0,1.5,1.0,1.016107283364364,0.010022172680305672
532,132.0,1.5,1.0,1.0292555791708562,0.010102380694491842
533,133.0,1.5,1.0,0.9872030185878646,0.0097923518596204
534,134.0,1.5,1.0,1.1026394884838633,0.011089120324550988
535,135.0,1.5,1.0,0.9349680892865626,0.009184475597648224
536,136.0,1.5,1.0,0.999076347678005,0.010026906650406349
537,137.0,1.5,1.0,0.8657964862273119,0.008476598231166515
538,138.0,1.5,1.0,1.0733725902875477,0.010554627555178631
539,139.0,1.5,1.0,0.9651848776075431,0.009165781975074611
540,140.0,1.5,1.0,1.0524258070509758,0.009933182281856488
541,141.0,1.5,1.0,0.9645563916902313,0.009066787979941454
542,142.0,1.5,1.0,1.0236213221467731,0.01025732154280885
543,143.0,1.5,1.0,1.0629461275053802,0.010531639833505111
544,144.0,1.5,1.0,1.0719070559241934,0.010550923931956398
545,145.0,1.5,1.0,0.9307712068100936,0.009177596751099595
546,146.0,1.5,1.0,0.9891835332364097,0.009791492278840101
547,147.0,1.5,1.0,1.0136426771161642,0.010125286891785785
548,148.0,1.5,1.0,0.9445339398791048,0.009329035495725016
549,149.0,1.5,1.0,1.0269975372883244,0.010565600346849401
550,150.0,1.5,1.0,0.8963052144837824,0.008788066850447761
551,151.0,1.5,1.0,1.0584236616465947,0.01034500066473726
552,152.0,1.5,1.0,1.0703376711077475,0.010611205773148252
553,153.0,1.5,1.0,0.9950820587873542,0.010017723933130196
554,154.0,1.5,1.0,1.0159977263492408,0.010178886871969278
555,155.0,1.5,1.0,0.9160595302100007,0.008779124831187389
556,156.0,1.5,1.0,0.9975427175565299,0.009755403054739632
557,157.0,1.5,1.0,1.0454148121143787,0.010291561293160174
558,158.0,1.5,1.0,1.0046658814161913,0.009950581248429236
559,159.0,1.5,1.0,0.9871226344539716,0.00972961377913345
560,160.0,1.5,1.0,0.9698728071554154,0.010001640449186527
561,161.0,1.5,1.0,0.9825021584220175,0.009606749607736595
562,162.0,1.5,1.0,0.9842192206066669,0.009526181710476856
563,163.0,1.5,1.0,1.025700073417314,0.010076452427563274
564,164.0,1.5,1.0,1.086847838993325,0.010692352961454415
565,165.0,1.5,1.0,0.9536674521104984,0.009657465922857999
566,166.0,1.5,1.0,0.9123044483938603,0.008974856475253673
567,167.0,1.5,1.0,0.9445601481682362,0.009152915889203164
568,168.0,1.5,1.0,1.0566546854518462,0.01033853015540496
569,169.0,1.5,1.0,0.9306352750176369,0.009345168617675915
570,170.0,1.5,1.0,1.0123690248470059,0.009890692952984257
571,171.0,1.5,1.0,1.0196951852254774,0.009959153431918161
572,172.0,1.5,1.0,0.9879765960867707,0.010230294787594275
573,173.0,1.5,1.0,0.9926988565438117,0.009771267074735308
574,174.0,1.5,1.0,0.948887468991624,0.009376601024793216
575,175.0,1.5,1.0,1.1607362184096908,0.011458524449275004
576,176.0,1.5,1.0,1.0083158599372566,0.009872757104997201
577,177.0,1.5,1.0,1.012022209999825,0.009986259163942648
578,178.0,1.5,1.0,0.9383493439330797,0.009415742258597516
579,179.0,1.5,1.0,1.0746644474726295,0.010325967011050489
580,180.0,1.5,1.0,1.0376496814337557,0.01002423132977219
581,181.0,1.5,1.0,0.9857223813303054,0.009810976058883102
582,182.0,1.5,1.0,1.0275632244388557,0.010224015698725136
583,183.0,1.5,1.0,1.1057222497896273,0.010821682318841959
584,184.0,1.5,1.0,1.0078733410486427,0.010070337628132916
585,185.0,1.5,1.0,0.9114908393146041,0.008765915816135693
586,186.0,1.5,1.0,1.0580932805750547,0.010437813509979405
587,187.0,1.5,1.0,0.9673253641956405,0.009490847157776667
588,188.0,1.5,1.0,0.9393406597947137,0.00919035242721293
589,189.0,1.5,1.0,0.9390917371559293,0.009359935258807166
590,190.0,1.5,1.0,0.994340650573791,0.009787422633547344
591,191.0,1.5,1.0,1.0211258490103576,0.01008418977105609
592,192.0,1.5,1.0,0.9168743383345139,0.009149326800991273
593,193.0,1.5,1.0,1.0567309098686115,0.010419566543898445
594,194.0,1.5,1.0,1.0121930263753895,0.00999310843374255
595,195.0,1.5,1.0,0.9999381781763934,0.009804451260747015
596,196.0,1.5,1.0,1.04804244424405,0.010212954686469908
597,197.0,1.5,1.0,1.013738428694039,0.009874526273678432
598,198.0,1.5,1.0,1.1042671232896741,0.011221193477549227
599,199.0,1.5,1.0,0.9319355800249347,0.009240411346361634
600,0.0,1.3,1.0,1.007667914645065,0.004905988500816805
601,1.0,1.3,1.0,0.9647803739420904,0.0047764274851896426
602,2.0,1.3,1.0,1.1068573992936899,0.005357507485429272
603,3.0,1.3,1.0,0.892210414363905,0.004316521791690846
604,4.0,1.3,1.0,0.9718640808174538,0.004731336672203719
605,5.0,1.3,1.0,0.9681744268160009,0.004686619890029511
606,6.0,1.3,1.0,0.9618944072395816,0.004637544106780551
607,7.0,1.3,1.0,0.9850966264060576,0.004881494119902763
608,8.0,1.3,1.0,0.9910318938830422,0.004814732652731682
609,9.0,1.3,1.0,1.0169137801622374,0.004963459665903466
610,10.0,1.3,1.0,0.9739559804268993,0.00484470216747354
611,11.0,1.3,1.0,0.9615651348371854,0.004676483595322099
612,12.0,1.3,1.0,1.0135753826629676,0.004994484024654672
613,13.0,1.3,1.0,1.1015115249765464,0.005329180626592576
614,14.0,1.3,1.0,0.9101173317167066,0.004383024712415988
615,15.0,1.3,1.0,0.9778882731609906,0.004715527273400447
616,16.0,1.3,1.0,1.0088258642354395,0.004886559348246439
617,17.0,1.3,1.0,1.0291015510438224,0.0050428168431684165
618,18.0,1.3,1.0,0.9020362685934893,0.004370769183916082
619,19.0,1.3,1.0,0.9412561128097263,0.004571121504599568
620,20.0,1.3,1.0,0.9975862165559556,0.004785708142998977
621,21.0,1.3,1.0,0.8953682175391664,0.00434337648018801
622,22.0,1.3,1.0,1.0607636626333354,0.005264160300419585
623,23.0,1.3,1.0,0.960328091505833,0.004638272201897822
624,24.0,1.3,1.0,0.916291378244469,0.0044198763295826915
625,25.0,1.3,1.0,0.9918498219029277,0.004747939392532444
626,26.0,1.3,1.0,0.9802779056087667,0.004736203884501015
627,27.0,1.3,1.0,0.9824734845479572,0.0048506789520502466
628,28.0,1.3,1.0,1.05332049188559,0.005275896731170276
629,29.0,1.3,1.0,0.9293338685291714,0.0044542792578673865
630,30.0,1.3,1.0,0.9413997017993925,0.004501525769329525
631,31.0,1.3,1.0,0.9612427267200473,0.004644570343897035
632,32.0,1.3,1.0,0.9034109256510009,0.004367872848087314
633,33.0,1.3,1.0,0.9902662079360397,0.004801325382283117
634,34.0,1.3,1.0,0.8412886747992296,0.004066200819066359
635,35.0,1.3,1.0,0.9467608731591246,0.0046258727172405305
636,36.0,1.3,1.0,1.0680495175055151,0.005117798628768119
637,37.0,1.3,1.0,1.0019613325087433,0.004820575384256975
638,38.0,1.3,1.0,0.9239678827545554,0.00445308897728841
639,39.0,1.3,1.0,1.0020211236436372,0.0046922254636897085
640,40.0,1.3,1.0,0.9390552430533348,0.004532549281266691
641,41.0,1.3,1.0,1.0308094243373587,0.004941419762492136
642,42.0,1.3,1.0,1.0799595714411794,0.005107110647585499
643,43.0,1.3,1.0,1.12237900406315,0.005475809502167616
644,44.0,1.3,1.0,0.9612172339333604,0.004649070197428485
645,45.0,1.3,1.0,1.1112613800450508,0.005209709210593541
646,46.0,1.3,1.0,1.0071994689022523,0.004867636686045498
647,47.0,1.3,1.0,1.0834430505005601,0.005056140388611689
648,48.0,1.3,1.0,0.9762987124015,0.004768394077706572
649,49.0,1.3,1.0,0.9268923303619093,0.004475714420271894
650,50.0,1.3,1.0,1.1038880368684238,0.005394087611721442
651,51.0,1.3,1.0,1.018574879380371,0.004909507916616767
652,52.0,1.3,1.0,1.068832747598913,0.005143494736412653
653,53.0,1.3,1.0,1.0431890067787266,0.0050000504089236005
654,54.0,1.3,1.0,1.0787703379454867,0.005215712512042768
655,55.0,1.3,1.0,1.0134409292202124,0.004858455178137444
656,56.0,1.3,1.0,1.049978620493294,0.005114393139277406
657,57.0,1.3,1.0,0.9390999645380977,0.004624800494282861
658,58.0,1.3,1.0,0.89086399457542,0.004217152454515052
659,59.0,1.3,1.0,1.0542681395212157,0.005083058782832526
660,60.0,1.3,1.0,0.926863238623675,0.0046057413906977224
661,61.0,1.3,1.0,0.9857805695563151,0.004761359671489988
662,62.0,1.3,1.0,0.9552334892062102,0.004576626706400593
663,63.0,1.3,1.0,1.0214196874219184,0.004914002652770987
664,64.0,1.3,1.0,0.9970836641572469,0.004695575170951132
665,65.0,1.3,1.0,0.9944675775540351,0.004932485985054205
666,66.0,1.3,1.0,1.033523764983661,0.005206808542176418
667,67.0,1.3,1.0,1.0214225065535358,0.004939101898856729
668,68.0,1.3,1.0,0.9433513828749575,0.00464508025494121
669,69.0,1.3,1.0,0.9324767559126179,0.004511821249630811
670,70.0,1.3,1.0,1.0225596093930014,0.004733823029778397
671,71.0,1.3,1.0,0.977379820537833,0.004680190574414192
672,72.0,1.3,1.0,1.2255922258505256,0.006001963838701287
673,73.0,1.3,1.0,0.8548618735641579,0.004255364309995978
674,74.0,1.3,1.0,0.9882675589998384,0.004755067097133969
675,75.0,1.3,1.0,1.2028589825824585,0.005839528322437486
676,76.0,1.3,1.0,0.9770133526795727,0.004569227426973467
677,77.0,1.3,1.0,1.0691586294097295,0.005157105034331939
678,78.0,1.3,1.0,0.9899727532975692,0.004915482261244066
679,79.0,1.3,1.0,0.919201747885168,0.004601452802968213
680,80.0,1.3,1.0,0.9797296060864833,0.0046403331580164514
681,81.0,1.3,1.0,1.09600384860524,0.005113575827047621
682,82.0,1.3,1.0,0.978280312068645,0.004500760763503128
683,83.0,1.3,1.0,1.0536032929681225,0.005300287707850432
684,84.0,1.3,1.0,0.9809577174553574,0.004546420303783742
685,85.0,1.3,1.0,0.9603720183667614,0.004693027966862067
686,86.0,1.3,1.0,0.8989622069748198,0.00444171450827305
687,87.0,1.3,1.0,1.070611567721742,0.005223317133972122
688,88.0,1.3,1.0,1.040291577795003,0.005015603617375984
689,89.0,1.3,1.0,1.154120534779099,0.005538929212758717
690,90.0,1.3,1.0,1.0029299497936741,0.00483987615521166
691,91.0,1.3,1.0,0.9380625035907647,0.004535408663881673
692,92.0,1.3,1.0,1.180229244335825,0.005499140659769544
693,93.0,1.3,1.0,1.0631574828687662,0.00510258553223296
694,94.0,1.3,1.0,0.9120466350222134,0.004446260392460975
695,95.0,1.3,1.0,1.0694129203636553,0.005168374932429681
696,96.0,1.3,1.0,1.0325297420044564,0.004992145320463064
697,97.0,1.3,1.0,0.9890011449575593,0.00479914350673443
698,98.0,1.3,1.0,0.9550981583816925,0.004642515212641486
699,99.0,1.3,1.0,1.0281849077797562,0.004964489094430808
700,100.0,1.3,1.0,1.0329820103285674,0.004927810232407744
701,101.0,1.3,1.0,0.9593244103123891,0.004642204655453119
702,102.0,1.3,1.0,0.9839808187089991,0.0047042937157645804
703,103.0,1.3,1.0,1.0149804831898992,0.004950132111305294
704,104.0,1.3,1.0,1.0018292042833892,0.004822617154871315
705,105.0,1.3,1.0,0.9922221805998104,0.004745097347918474
706,106.0,1.3,1.0,1.059183113824087,0.0052243585776394225
707,107.0,1.3,1.0,0.981183685403867,0.004695062982050434
708,108.0,1.3,1.0,1.074811274668193,0.005150028128307754
709,109.0,1.3,1.0,0.9977363103084091,0.004881142702569884
710,110.0,1.3,1.0,1.0349807893935545,0.004822002543627125
711,111.0,1.3,1.0,0.9991334427389131,0.004840774726162662
712,112.0,1.3,1.0,0.9477701251001688,0.004578605080384847
713,113.0,1.3,1.0,1.008774211852058,0.004723630515319709
714,114.0,1.3,1.0,0.9561664762385542,0.004541460900031043
715,115.0,1.3,1.0,0.9564151391784589,0.004629961809491234
716,116.0,1.3,1.0,1.0877741068054612,0.005205058320562554
717,117.0,1.3,1.0,1.1626669608356603,0.005570635382630433
718,118.0,1.3,1.0,0.9607674812916918,0.004811890407556385
719,119.0,1.3,1.0,0.9793318349119664,0.004753656637322947
720,120.0,1.3,1.0,0.9269694334535289,0.004500905378045053
721,121.0,1.3,1.0,0.9551600772976483,0.004616925810236187
722,122.0,1.3,1.0,1.0717384793814215,0.005106790161855975
723,123.0,1.3,1.0,0.9354485604153865,0.0046153567426039325
724,124.0,1.3,1.0,1.0688793486536121,0.005161098171137814
725,125.0,1.3,1.0,0.9127069383653582,0.00469994220931431
726,126.0,1.3,1.0,0.8964577716067688,0.00431293388760745
727,127.0,1.3,1.0,1.008494220066047,0.005225429088494169
728,128.0,1.3,1.0,0.9298415762864047,0.0044611177812923335
729,129.0,1.3,1.0,1.092828650015789,0.0053208658747295225
730,130.0,1.3,1.0,0.9160911649069319,0.004438537132288972
731,131.0,1.3,1.0,0.9923464459083937,0.004789570771163402
732,132.0,1.3,1.0,0.9438262871628709,0.004486825823078857
733,133.0,1.3,1.0,1.0167466699305079,0.0049158362455784576
734,134.0,1.3,1.0,0.9944134604248991,0.004815671571074969
735,135.0,1.3,1.0,1.1218544728172843,0.005390899704170043
736,136.0,1.3,1.0,1.0539031475888097,0.005023337292724233
737,137.0,1.3,1.0,1.029457133352624,0.0050324623312050926
738,138.0,1.3,1.0,0.9504003409738362,0.004543308419101894
739,139.0,1.3,1.0,0.8986131301667601,0.004368343077560757
740,140.0,1.3,1.0,1.0837356690137705,0.005121169947192699
741,141.0,1.3,1.0,1.0239119402186236,0.004951307484521815
742,142.0,1.3,1.0,0.9705745780209819,0.004731042050801205
743,143.0,1.3,1.0,0.9304884097542394,0.004529877375420945
744,144.0,1.3,1.0,1.0632966975435414,0.0051285361439974645
745,145.0,1.3,1.0,1.0766624174565278,0.005150727115575431
746,146.0,1.3,1.0,1.0622307515682805,0.005117561165643334
747,147.0,1.3,1.0,1.0620172440681908,0.0049678864310521795
748,148.0,1.3,1.0,0.9520959356963311,0.004639896032826124
749,149.0,1.3,1.0,1.1588649419725985,0.0055580139406318195
750,150.0,1.3,1.0,1.0210440801230987,0.0048666601055237
751,151.0,1.3,1.0,1.0660529996232517,0.005162444171344446
752,152.0,1.3,1.0,1.0438489136690856,0.005161028915606228
753,153.0,1.3,1.0,0.9894723989985301,0.005048374357367505
754,154.0,1.3,1.0,1.025492605924939,0.005030251660094163
755,155.0,1.3,1.0,1.0173321721772317,0.004918667071838396
756,156.0,1.3,1.0,1.0648228246282554,0.005164681303037426
757,157.0,1.3,1.0,1.0191674699613955,0.004934330532307164
758,158.0,1.3,1.0,0.9986848369256738,0.0047012497317444075
759,159.0,1.3,1.0,1.0191392559288701,0.004793585278908984
760,160.0,1.3,1.0,0.9338986860751289,0.004543441495916769
761,161.0,1.3,1.0,0.9843290971188037,0.004725830442108569
762,162.0,1.3,1.0,1.0450433266614454,0.0051200508395293064
763,163.0,1.3,1.0,0.941890661931601,0.004506672153193
764,164.0,1.3,1.0,1.0061330802715076,0.004957297456300708
765,165.0,1.3,1.0,0.875881243381657,0.004347131997392837
766,166.0,1.3,1.0,0.9462936411131745,0.004575634289819536
767,167.0,1.3,1.0,0.9960866352926891,0.0048339072938335635
768,168.0,1.3,1.0,0.9854343224536857,0.004659883127115373
769,169.0,1.3,1.0,0.9794815231167379,0.0047763256361244765
770,170.0,1.3,1.0,0.9576896374172164,0.004582141530453486
771,171.0,1.3,1.0,0.978125504488961,0.0048094967777985
772,172.0,1.3,1.0,1.0344790603200704,0.0048829189453396225
773,173.0,1.3,1.0,0.9877915400999651,0.004678676033875319
774,174.0,1.3,1.0,1.022834505927393,0.00496861596854435
775,175.0,1.3,1.0,1.0756491388362015,0.005189156449364305
776,176.0,1.3,1.0,0.9882350525481405,0.0047518914698936425
777,177.0,1.3,1.0,0.9346558742057873,0.004474127083343549
778,178.0,1.3,1.0,1.0537877987315616,0.005074167876822786
779,179.0,1.3,1.0,0.8391772083347677,0.004042860033580383
780,180.0,1.3,1.0,1.0552659412913572,0.005053713903012878
781,181.0,1.3,1.0,0.9916797328126032,0.00471601358755081
782,182.0,1.3,1.0,1.0886024101330913,0.005239869742749855
783,183.0,1.3,1.0,0.9753748594395186,0.004715808990446782
784,184.0,1.3,1.0,1.0387344840218926,0.005018917145224807
785,185.0,1.3,1.0,0.9756744102857099,0.004757419658617564
786,186.0,1.3,1.0,1.0297502659075009,0.004977442248361137
787,187.0,1.3,1.0,0.9497213479364149,0.00466086321998033
788,188.0,1.3,1.0,1.132462843503495,0.005475363068101976
789,189.0,1.3,1.0,1.003147105066909,0.004878874333324618
790,190.0,1.3,1.0,1.1130666110983312,0.005381530475985318
791,191.0,1.3,1.0,0.9816119458140669,0.004889829990918306
792,192.0,1.3,1.0,0.9078646340466177,0.004427587982306502
793,193.0,1.3,1.0,1.1316669557845893,0.005474397830322812
794,194.0,1.3,1.0,0.9931938763379133,0.004806384057670165
795,195.0,1.3,1.0,0.9531250548519525,0.004686302722221413
796,196.0,1.3,1.0,0.9707331742926638,0.004711173270070796
797,197.0,1.3,1.0,1.0776050162797715,0.005238355912728118
798,198.0,1.3,1.0,0.9363505572936544,0.0045513720740501615
799,199.0,1.3,1.0,0.9540407311990834,0.004631055380369382
800,0.0,0.0,0.0,0.0,0.0
801,0.0,0.0,0.0,0.0,0.0
802,0.0,0.0,0.0,0.0,0.0
803,0.0,0.0,0.0,0.0,0.0
804,0.0,0.0,0.0,0.0,0.0
805,0.0,0.0,0.0,0.0,0.0
806,0.0,0.0,0.0,0.0,0.0
807,0.0,0.0,0.0,0.0,0.0
808,0.0,0.0,0.0,0.0,0.0
809,0.0,0.0,0.0,0.0,0.0
810,0.0,0.0,0.0,0.0,0.0
811,0.0,0.0,0.0,0.0,0.0
812,0.0,0.0,0.0,0.0,0.0
813,0.0,0.0,0.0,0.0,0.0
814,0.0,0.0,0.0,0.0,0.0
815,0.0,0.0,0.0,0.0,0.0
816,0.0,0.0,0.0,0.0,0.0
817,0.0,0.0,0.0,0.0,0.0
818,0.0,0.0,0.0,0.0,0.0
819,0.0,0.0,0.0,0.0,0.0
820,0.0,0.0,0.0,0.0,0.0
821,0.0,0.0,0.0,0.0,0.0
822,0.0,0.0,0.0,0.0,0.0
823,0.0,0.0,0.0,0.0,0.0
824,0.0,0.0,0.0,0.0,0.0
825,0.0,0.0,0.0,0.0,0.0
826,0.0,0.0,0.0,0.0,0.0
827,0.0,0.0,0.0,0.0,0.0
828,0.0,0.0,0.0,0.0,0.0
829,0.0,0.0,0.0,0.0,0.0
830,0.0,0.0,0.0,0.0,0.0
831,0.0,0.0,0.0,0.0,0.0
832,0.0,0.0,0.0,0.0,0.0
833,0.0,0.0,0.0,0.0,0.0
834,0.0,0.0,0.0,0.0,0.0
835,0.0,0.0,0.0,0.0,0.0
836,0.0,0.0,0.0,0.0,0.0
837,0.0,0.0,0.0,0.0,0.0
838,0.0,0.0,0.0,0.0,0.0
839,0.0,0.0,0.0,0.0,0.0
840,0.0,0.0,0.0,0.0,0.0
841,0.0,0.0,0.0,0.0,0.0
842,0.0,0.0,0.0,0.0,0.0
843,0.0,0.0,0.0,0.0,0.0
844,0.0,0.0,0.0,0.0,0.0
845,0.0,0.0,0.0,0.0,0.0
846,0.0,0.0,0.0,0.0,0.0
847,0.0,0.0,0.0,0.0,0.0
848,0.0,0.0,0.0,0.0,0.0
849,0.0,0.0,0.0,0.0,0.0
850,0.0,0.0,0.0,0.0,0.0
851,0.0,0.0,0.0,0.0,0.0
852,0.0,0.0,0.0,0.0,0.0
853,0.0,0.0,0.0,0.0,0.0
854,0.0,0.0,0.0,0.0,0.0
855,0.0,0.0,0.0,0.0,0.0
856,0.0,0.0,0.0,0.0,0.0
857,0.0,0.0,0.0,0.0,0.0
858,0.0,0.0,0.0,0.0,0.0
859,0.0,0.0,0.0,0.0,0.0
860,0.0,0.0,0.0,0.0,0.0
861,0.0,0.0,0.0,0.0,0.0
862,0.0,0.0,0.0,0.0,0.0
863,0.0,0.0,0.0,0.0,0.0
864,0.0,0.0,0.0,0.0,0.0
865,0.0,0.0,0.0,0.0,0.0
866,0.0,0.0,0.0,0.0,0.0
867,0.0,0.0,0.0,0.0,0.0
868,0.0,0.0,0.0,0.0,0.0
869,0.0,0.0,0.0,0.0,0.0
870,0.0,0.0,0.0,0.0,0.0
871,0.0,0.0,0.0,0.0,0.0
872,0.0,0.0,0.0,0.0,0.0
873,0.0,0.0,0.0,0.0,0.0
874,0.0,0.0,0.0,0.0,0.0
875,0.0,0.0,0.0,0.0,0.0
876,0.0,0.0,0.0,0.0,0.0
877,0.0,0.0,0.0,0.0,0.0
878,0.0,0.0,0.0,0.0,0.0
879,0.0,0.0,0.0,0.0,0.0
880,0.0,0.0,0.0,0.0,0.0
881,0.0,0.0,0.0,0.0,0.0
882,0.0,0.0,0.0,0.0,0.0
883,0.0,0.0,0.0,0.0,0.0
884,0.0,0.0,0.0,0.0,0.0
885,0.0,0.0,0.0,0.0,0.0
886,0.0,0.0,0.0,0.0,0.0
887,0.0,0.0,0.0,0.0,0.0
888,0.0,0.0,0.0,0.0,0.0
889,0.0,0.0,0.0,0.0,0.0
890,0.0,0.0,0.0,0.0,0.0
891,0.0,0.0,0.0,0.0,0.0
892,0.0,0.0,0.0,0.0,0.0
893,0.0,0.0,0.0,0.0,0.0
894,0.0,0.0,0.0,0.0,0.0
895,0.0,0.0,0.0,0.0,0.0
896,0.0,0.0,0.0,0.0,0.0
897,0.0,0.0,0.0,0.0,0.0
898,0.0,0.0,0.0,0.0,0.0
899,0.0,0.0,0.0,0.0,0.0
