,Unnamed: 0,gamma_sample,k,run,timestep,sample
0,0,0.0262588644227142,5.0,10.0,0.0,10
1,1,0.1031539392513533,4.97,10.0,300.0,10
2,2,0.0412199629802123,4.94,10.0,600.0,10
3,3,0.0170641600666257,4.91,10.0,900.0,10
4,4,0.038055066300801,4.88,10.0,1200.0,10
5,5,0.0198798359259125,4.85,10.0,1500.0,10
6,6,0.0242777603928439,4.82,10.0,1800.0,10
7,7,0.0324575236033037,4.79,10.0,2100.0,10
8,8,0.0333759934179717,4.76,10.0,2400.0,10
9,9,0.0177497544224563,4.73,10.0,2700.0,10
10,10,0.0482124614428708,4.7,10.0,3000.0,10
11,11,0.0286341774794835,4.67,10.0,3300.0,10
12,12,0.0332104768349353,4.64,10.0,3600.0,10
13,13,0.0162110404201832,4.61,10.0,3900.0,10
14,14,0.0210471236877024,4.58,10.0,4200.0,10
15,15,0.0213477897489658,4.55,10.0,4500.0,10
16,16,0.0237152466235813,4.52,10.0,4800.0,10
17,17,0.0308017520563696,4.49,10.0,5100.0,10
18,18,0.0190637030134267,4.46,10.0,5400.0,10
19,19,0.018180934027129,4.43,10.0,5700.0,10
20,20,0.0230069981224829,4.4,10.0,6000.0,10
21,21,0.0350764968617544,4.37,10.0,6300.0,10
22,22,0.0326475955646461,4.34,10.0,6600.0,10
23,23,0.0361855889456356,4.31,10.0,6900.0,10
24,24,0.0507268806720315,4.28,10.0,7200.0,10
25,25,0.0345392034874497,4.25,10.0,7500.0,10
26,26,0.0332871603022739,4.22,10.0,7800.0,10
27,27,0.0284800523985878,4.19,10.0,8100.0,10
28,28,0.0288859278920537,4.16,10.0,8400.0,10
29,29,0.0351247248961043,4.13,10.0,8700.0,10
30,30,0.0305973696854115,4.1,10.0,9000.0,10
31,31,0.0329136553322231,4.07,10.0,9300.0,10
32,32,0.0482524644752061,4.04,10.0,9600.0,10
33,33,0.0394689141868229,4.01,10.0,9900.0,10
34,34,0.0133318712364223,3.98,10.0,10200.0,10
35,35,0.0364885707186475,3.95,10.0,10500.0,10
36,36,0.0195802884584735,3.92,10.0,10800.0,10
37,37,0.0190005310354451,3.89,10.0,11100.0,10
38,38,0.0359317678662618,3.86,10.0,11400.0,10
39,39,0.0729788498683765,3.83,10.0,11700.0,10
40,40,0.0226096175843175,3.8,10.0,12000.0,10
41,41,0.0184877847416494,3.77,10.0,12300.0,10
42,42,0.0260223940256302,3.74,10.0,12600.0,10
43,43,0.0412947032723451,3.71,10.0,12900.0,10
44,44,0.0273953044518367,3.68,10.0,13200.0,10
45,45,0.0167858621415575,3.65,10.0,13500.0,10
46,46,0.042257266456067,3.62,10.0,13800.0,10
47,47,0.0475735812123801,3.59,10.0,14100.0,10
48,48,0.0149650259597569,3.56,10.0,14400.0,10
49,49,0.0287310114154389,3.53,10.0,14700.0,10
50,50,0.0432888005228435,3.5,10.0,15000.0,10
51,51,0.01747620230573,3.47,10.0,15300.0,10
52,52,0.0321057629057761,3.44,10.0,15600.0,10
53,53,0.0362608926660211,3.41,10.0,15900.0,10
54,54,0.0301728970316057,3.38,10.0,16200.0,10
55,55,0.0198332115471066,3.35,10.0,16500.0,10
56,56,0.0280099943278457,3.32,10.0,16800.0,10
57,57,0.0374200044876321,3.29,10.0,17100.0,10
58,58,0.041424521991913,3.26,10.0,17400.0,10
59,59,0.0225634203453428,3.23,10.0,17700.0,10
60,60,0.0142682911040616,3.2,10.0,18000.0,10
61,61,0.0474954745136912,3.17,10.0,18300.0,10
62,62,0.027596976728636,3.14,10.0,18600.0,10
63,63,0.0816209170942779,3.11,10.0,18900.0,10
64,64,0.0485405522564022,3.08,10.0,19200.0,10
65,65,0.0486683058968969,3.05,10.0,19500.0,10
66,66,0.0466652705657657,3.02,10.0,19800.0,10
67,67,0.0278485792969124,2.99,10.0,20100.0,10
68,68,0.0688596756340115,2.96,10.0,20400.0,10
69,69,0.0095105536579847,2.93,10.0,20700.0,10
70,70,0.0146555211628654,2.9,10.0,21000.0,10
71,71,0.0197922420920461,2.87,10.0,21300.0,10
72,72,0.0806958156435067,2.84,10.0,21600.0,10
73,73,0.0174132426795992,2.81,10.0,21900.0,10
74,74,0.0131497853610489,2.78,10.0,22200.0,10
75,75,0.0166599483228145,2.75,10.0,22500.0,10
76,76,0.0210670235639525,2.72,10.0,22800.0,10
77,77,0.0242470819648866,2.69,10.0,23100.0,10
78,78,0.0442902542005459,2.66,10.0,23400.0,10
79,79,0.0288478194436706,2.63,10.0,23700.0,10
80,80,0.0136801258228303,2.6,10.0,24000.0,10
81,81,0.0389989150726622,2.57,10.0,24300.0,10
82,82,0.0324411895184516,2.54,10.0,24600.0,10
83,83,0.0366007854348734,2.51,10.0,24900.0,10
84,84,0.022071206948298,2.48,10.0,25200.0,10
85,85,0.0199304266282538,2.45,10.0,25500.0,10
86,86,0.0601302471977581,2.42,10.0,25800.0,10
87,87,0.0123857398454626,2.39,10.0,26100.0,10
88,88,0.1174752562803006,2.36,10.0,26400.0,10
89,89,0.0313946827893525,2.33,10.0,26700.0,10
90,90,0.0310307101773336,2.3,10.0,27000.0,10
91,91,0.071931157430234,2.27,10.0,27300.0,10
92,92,0.086075759559992,2.24,10.0,27600.0,10
93,93,0.031785049675095,2.21,10.0,27900.0,10
94,94,0.0194933674148244,2.18,10.0,28200.0,10
95,95,0.02783743980119,2.15,10.0,28500.0,10
96,96,0.02927546051036,2.12,10.0,28800.0,10
97,97,0.0299435222237291,2.09,10.0,29100.0,10
98,98,0.0243511726965563,2.06,10.0,29400.0,10
99,99,0.0722928650910321,2.03,10.0,29700.0,10
100,100,0.0323084512585021,2.0,10.0,30000.0,10
101,101,0.0148529975095053,1.97,10.0,30300.0,10
102,102,0.0373894026405392,1.94,10.0,30600.0,10
103,103,0.0591236161468429,1.91,10.0,30900.0,10
104,104,0.0130547900179278,1.88,10.0,31200.0,10
105,105,0.0125640967859638,1.85,10.0,31500.0,10
106,106,0.0493380200089879,1.82,10.0,31800.0,10
107,107,0.0736647446244188,1.79,10.0,32100.0,10
108,108,0.0598438193557488,1.76,10.0,32400.0,10
109,109,0.0205555174083016,1.73,10.0,32700.0,10
110,110,0.0220798011880038,1.7,10.0,33000.0,10
111,111,0.0177050006642484,1.67,10.0,33300.0,10
112,112,0.0507063892803825,1.64,10.0,33600.0,10
113,113,0.015478049585883,1.61,10.0,33900.0,10
114,114,0.027961100852758,1.58,10.0,34200.0,10
115,115,0.0570420034167194,1.55,10.0,34500.0,10
116,116,0.0273970524166919,1.52,10.0,34800.0,10
117,117,0.0133971745893776,1.49,10.0,35100.0,10
118,118,0.0468832314150116,1.46,10.0,35400.0,10
119,119,0.0236826049097915,1.43,10.0,35700.0,10
120,120,0.0241397068143685,1.4,10.0,36000.0,10
121,121,0.0547893034483642,1.37,10.0,36300.0,10
122,122,0.0232173087972894,1.34,10.0,36600.0,10
123,123,0.0567322095148018,1.31,10.0,36900.0,10
124,124,0.0460839279177592,1.28,10.0,37200.0,10
125,125,0.0324843055701502,1.25,10.0,37500.0,10
126,126,0.0303323653735883,1.22,10.0,37800.0,10
127,127,0.0379777292180648,1.19,10.0,38100.0,10
128,128,0.0281275718302955,1.16,10.0,38400.0,10
129,129,0.2002691748288399,1.13,10.0,38700.0,10
130,130,0.0592374922291194,1.1,10.0,39000.0,10
131,131,0.0270741674414813,1.07,10.0,39300.0,10
132,132,0.0792394269249463,1.04,10.0,39600.0,10
133,133,0.056071528736711,1.01,10.0,39900.0,10
134,134,0.1177834206331484,0.98,10.0,40200.0,10
135,135,0.02717019277767,0.95,10.0,40500.0,10
136,136,0.0290942338091105,0.92,10.0,40800.0,10
137,137,0.2774834833376263,0.89,10.0,41100.0,10
138,138,0.0193754603578779,0.86,10.0,41400.0,10
139,139,0.0390670902934061,0.83,10.0,41700.0,10
140,140,0.03407975940703,0.8,10.0,42000.0,10
141,141,0.0469241959986034,0.77,10.0,42300.0,10
142,142,0.0171717316464485,0.74,10.0,42600.0,10
143,143,0.0140120930131308,0.71,10.0,42900.0,10
144,144,0.0276476052230273,0.68,10.0,43200.0,10
145,145,0.0410251194074141,0.65,10.0,43500.0,10
146,146,0.0311137580161091,0.62,10.0,43800.0,10
147,147,0.014749325208635,0.59,10.0,44100.0,10
148,148,0.0131995261391082,0.56,10.0,44400.0,10
149,149,0.0268713951226337,0.53,10.0,44700.0,10
150,150,0.0774829509417812,0.5,10.0,45000.0,10
151,151,0.0140263122264289,0.47,10.0,45300.0,10
152,152,0.0137787384293453,0.44,10.0,45600.0,10
153,153,0.023456473009968,0.41,10.0,45900.0,10
154,154,0.3517000238122211,0.38,10.0,46200.0,10
155,155,0.0840953190128237,0.35,10.0,46500.0,10
156,156,0.0445255032818279,0.32,10.0,46800.0,10
157,157,0.0425640856954147,0.29,10.0,47100.0,10
158,158,0.0158481820479753,0.26,10.0,47400.0,10
159,159,0.0369907132772641,0.23,10.0,47700.0,10
160,160,0.2670892235143995,0.2,10.0,48000.0,10
161,161,0.0266448157309253,0.17,10.0,48300.0,10
162,162,0.0789670091112899,0.14,10.0,48600.0,10
163,163,0.0275581618585614,0.11,10.0,48900.0,10
164,164,0.020760505461088,0.08,10.0,49200.0,10
165,165,0.0350121401315488,0.05,10.0,49500.0,10
166,166,0.1036270222355004,0.02,10.0,49800.0,10
167,167,0.0,0.0,0.0,0.0,10
168,168,0.0,0.0,0.0,0.0,10
169,169,0.0,0.0,0.0,0.0,10
170,170,0.0,0.0,0.0,0.0,10
171,171,0.0,0.0,0.0,0.0,10
172,172,0.0,0.0,0.0,0.0,10
173,173,0.0,0.0,0.0,0.0,10
174,174,0.0,0.0,0.0,0.0,10
175,175,0.0,0.0,0.0,0.0,10
176,176,0.0,0.0,0.0,0.0,10
177,177,0.0,0.0,0.0,0.0,10
178,178,0.0,0.0,0.0,0.0,10
179,179,0.0,0.0,0.0,0.0,10
180,180,0.0,0.0,0.0,0.0,10
181,181,0.0,0.0,0.0,0.0,10
182,182,0.0,0.0,0.0,0.0,10
183,183,0.0,0.0,0.0,0.0,10
184,184,0.0,0.0,0.0,0.0,10
185,185,0.0,0.0,0.0,0.0,10
186,186,0.0,0.0,0.0,0.0,10
187,187,0.0,0.0,0.0,0.0,10
188,188,0.0,0.0,0.0,0.0,10
189,189,0.0,0.0,0.0,0.0,10
190,190,0.0,0.0,0.0,0.0,10
191,191,0.0,0.0,0.0,0.0,10
192,192,0.0,0.0,0.0,0.0,10
193,193,0.0,0.0,0.0,0.0,10
194,194,0.0,0.0,0.0,0.0,10
195,195,0.0,0.0,0.0,0.0,10
196,196,0.0,0.0,0.0,0.0,10
197,197,0.0,0.0,0.0,0.0,10
198,198,0.0,0.0,0.0,0.0,10
199,199,0.0,0.0,0.0,0.0,10
200,200,0.0,0.0,0.0,0.0,10
201,201,0.0,0.0,0.0,0.0,10
202,202,0.0,0.0,0.0,0.0,10
203,203,0.0,0.0,0.0,0.0,10
204,204,0.0,0.0,0.0,0.0,10
205,205,0.0,0.0,0.0,0.0,10
206,206,0.0,0.0,0.0,0.0,10
207,207,0.0,0.0,0.0,0.0,10
208,208,0.0,0.0,0.0,0.0,10
209,209,0.0,0.0,0.0,0.0,10
210,210,0.0,0.0,0.0,0.0,10
211,211,0.0,0.0,0.0,0.0,10
212,212,0.0,0.0,0.0,0.0,10
213,213,0.0,0.0,0.0,0.0,10
214,214,0.0,0.0,0.0,0.0,10
215,215,0.0,0.0,0.0,0.0,10
216,216,0.0,0.0,0.0,0.0,10
217,217,0.0,0.0,0.0,0.0,10
218,218,0.0,0.0,0.0,0.0,10
219,219,0.0,0.0,0.0,0.0,10
220,220,0.0,0.0,0.0,0.0,10
221,221,0.0,0.0,0.0,0.0,10
222,222,0.0,0.0,0.0,0.0,10
223,223,0.0,0.0,0.0,0.0,10
224,224,0.0,0.0,0.0,0.0,10
225,225,0.0,0.0,0.0,0.0,10
226,226,0.0,0.0,0.0,0.0,10
227,227,0.0,0.0,0.0,0.0,10
228,228,0.0,0.0,0.0,0.0,10
229,229,0.0,0.0,0.0,0.0,10
230,230,0.0,0.0,0.0,0.0,10
231,231,0.0,0.0,0.0,0.0,10
232,232,0.0,0.0,0.0,0.0,10
233,233,0.0,0.0,0.0,0.0,10
234,234,0.0,0.0,0.0,0.0,10
235,235,0.0,0.0,0.0,0.0,10
236,236,0.0,0.0,0.0,0.0,10
237,237,0.0,0.0,0.0,0.0,10
238,238,0.0,0.0,0.0,0.0,10
239,239,0.0,0.0,0.0,0.0,10
240,240,0.0,0.0,0.0,0.0,10
241,241,0.0,0.0,0.0,0.0,10
242,242,0.0,0.0,0.0,0.0,10
243,243,0.0,0.0,0.0,0.0,10
244,244,0.0,0.0,0.0,0.0,10
245,245,0.0,0.0,0.0,0.0,10
246,246,0.0,0.0,0.0,0.0,10
247,247,0.0,0.0,0.0,0.0,10
248,248,0.0,0.0,0.0,0.0,10
249,249,0.0,0.0,0.0,0.0,10
250,250,0.0,0.0,0.0,0.0,10
251,251,0.0,0.0,0.0,0.0,10
252,252,0.0,0.0,0.0,0.0,10
253,253,0.0,0.0,0.0,0.0,10
254,254,0.0,0.0,0.0,0.0,10
255,255,0.0,0.0,0.0,0.0,10
256,256,0.0,0.0,0.0,0.0,10
257,257,0.0,0.0,0.0,0.0,10
258,258,0.0,0.0,0.0,0.0,10
259,259,0.0,0.0,0.0,0.0,10
260,260,0.0,0.0,0.0,0.0,10
261,261,0.0,0.0,0.0,0.0,10
262,262,0.0,0.0,0.0,0.0,10
263,263,0.0,0.0,0.0,0.0,10
264,264,0.0,0.0,0.0,0.0,10
265,265,0.0,0.0,0.0,0.0,10
266,266,0.0,0.0,0.0,0.0,10
267,0,0.0557816774914962,5.0,9.0,0.0,9
268,1,0.0825237441361702,4.97,9.0,300.0,9
269,2,0.0156221051991219,4.94,9.0,600.0,9
270,3,0.0260477702093037,4.91,9.0,900.0,9
271,4,0.0197726079934078,4.88,9.0,1200.0,9
272,5,0.0142940132669987,4.85,9.0,1500.0,9
273,6,0.018333895014197,4.82,9.0,1800.0,9
274,7,0.0439107503577624,4.79,9.0,2100.0,9
275,8,0.0182625471720171,4.76,9.0,2400.0,9
276,9,0.0098785770728633,4.73,9.0,2700.0,9
277,10,0.029349328144586,4.7,9.0,3000.0,9
278,11,0.0151759092282634,4.67,9.0,3300.0,9
279,12,0.0263815709028229,4.64,9.0,3600.0,9
280,13,0.0107820014439125,4.61,9.0,3900.0,9
281,14,0.0283248648193136,4.58,9.0,4200.0,9
282,15,0.0199816045556599,4.55,9.0,4500.0,9
283,16,0.0206767146751695,4.52,9.0,4800.0,9
284,17,0.0183761871574855,4.49,9.0,5100.0,9
285,18,0.0137400177655157,4.46,9.0,5400.0,9
286,19,0.0224336088893721,4.43,9.0,5700.0,9
287,20,0.0292242712313747,4.4,9.0,6000.0,9
288,21,0.0306381174727824,4.37,9.0,6300.0,9
289,22,0.0478302851780383,4.34,9.0,6600.0,9
290,23,0.0372711489468203,4.31,9.0,6900.0,9
291,24,0.0220130094488777,4.28,9.0,7200.0,9
292,25,0.0151794458786083,4.25,9.0,7500.0,9
293,26,0.0439451206838103,4.22,9.0,7800.0,9
294,27,0.0245218621297665,4.19,9.0,8100.0,9
295,28,0.0977267678649115,4.16,9.0,8400.0,9
296,29,0.0485949676260683,4.13,9.0,8700.0,9
297,30,0.0203077864113511,4.1,9.0,9000.0,9
298,31,0.0278299743811077,4.07,9.0,9300.0,9
299,32,0.0569937050639759,4.04,9.0,9600.0,9
300,33,0.0444233150476611,4.01,9.0,9900.0,9
301,34,0.0344422179515724,3.98,9.0,10200.0,9
302,35,0.0391065490849484,3.95,9.0,10500.0,9
303,36,0.0383616444895569,3.92,9.0,10800.0,9
304,37,0.018804653212494,3.89,9.0,11100.0,9
305,38,0.02832144087609,3.86,9.0,11400.0,9
306,39,0.0212134930459639,3.83,9.0,11700.0,9
307,40,0.0366338497208224,3.8,9.0,12000.0,9
308,41,0.0618271725570195,3.77,9.0,12300.0,9
309,42,0.0111923835503509,3.74,9.0,12600.0,9
310,43,0.0100926747081515,3.71,9.0,12900.0,9
311,44,0.0251596708099235,3.68,9.0,13200.0,9
312,45,0.0333035732359139,3.65,9.0,13500.0,9
313,46,0.0351616332156447,3.62,9.0,13800.0,9
314,47,0.0182218438069516,3.59,9.0,14100.0,9
315,48,0.0488224898846056,3.56,9.0,14400.0,9
316,49,0.0216362161926557,3.53,9.0,14700.0,9
317,50,0.0215920924802302,3.5,9.0,15000.0,9
318,51,0.0406289065962016,3.47,9.0,15300.0,9
319,52,0.0156535442813929,3.44,9.0,15600.0,9
320,53,0.0597408137350785,3.41,9.0,15900.0,9
321,54,0.0168617304960902,3.38,9.0,16200.0,9
322,55,0.0181760094421786,3.35,9.0,16500.0,9
323,56,0.0358631484017846,3.32,9.0,16800.0,9
324,57,0.050571263047226,3.29,9.0,17100.0,9
325,58,0.0645567524283053,3.26,9.0,17400.0,9
326,59,0.0372348078769267,3.23,9.0,17700.0,9
327,60,0.0120483914791227,3.2,9.0,18000.0,9
328,61,0.022391197576577,3.17,9.0,18300.0,9
329,62,0.0248638123598748,3.14,9.0,18600.0,9
330,63,0.0275828473208341,3.11,9.0,18900.0,9
331,64,0.0538810228313902,3.08,9.0,19200.0,9
332,65,0.0127659050073454,3.05,9.0,19500.0,9
333,66,0.0224560890832622,3.02,9.0,19800.0,9
334,67,0.0235993469179409,2.99,9.0,20100.0,9
335,68,0.0212117604457358,2.96,9.0,20400.0,9
336,69,0.0366746174291912,2.93,9.0,20700.0,9
337,70,0.0265108539912971,2.9,9.0,21000.0,9
338,71,0.0429234009053128,2.87,9.0,21300.0,9
339,72,0.021047338674942,2.84,9.0,21600.0,9
340,73,0.0234725505359174,2.81,9.0,21900.0,9
341,74,0.0233279226167145,2.78,9.0,22200.0,9
342,75,0.0231898033439698,2.75,9.0,22500.0,9
343,76,0.0272311656825158,2.72,9.0,22800.0,9
344,77,0.0261445914255184,2.69,9.0,23100.0,9
345,78,0.0435672736935247,2.66,9.0,23400.0,9
346,79,0.0229456063597678,2.63,9.0,23700.0,9
347,80,0.020453665921074,2.6,9.0,24000.0,9
348,81,0.0405059462904747,2.57,9.0,24300.0,9
349,82,0.0165412426363925,2.54,9.0,24600.0,9
350,83,0.0380584870786407,2.51,9.0,24900.0,9
351,84,0.0222121586703457,2.48,9.0,25200.0,9
352,85,0.0369464813556251,2.45,9.0,25500.0,9
353,86,0.0295886927494905,2.42,9.0,25800.0,9
354,87,0.0326405658968807,2.39,9.0,26100.0,9
355,88,0.0226901863073727,2.36,9.0,26400.0,9
356,89,0.0286752033185565,2.33,9.0,26700.0,9
357,90,0.0208290337183767,2.3,9.0,27000.0,9
358,91,0.0182594334114726,2.27,9.0,27300.0,9
359,92,0.036221308106472,2.24,9.0,27600.0,9
360,93,0.0357750836617456,2.21,9.0,27900.0,9
361,94,0.0238713104744116,2.18,9.0,28200.0,9
362,95,0.023275837205394,2.15,9.0,28500.0,9
363,96,0.0261398052385362,2.12,9.0,28800.0,9
364,97,0.0381505582448277,2.09,9.0,29100.0,9
365,98,0.0389837928341222,2.06,9.0,29400.0,9
366,99,0.0198398190690142,2.03,9.0,29700.0,9
367,100,0.0140286176581281,2.0,9.0,30000.0,9
368,101,0.0392929904388338,1.97,9.0,30300.0,9
369,102,0.0778042259472403,1.94,9.0,30600.0,9
370,103,0.0497737574332158,1.91,9.0,30900.0,9
371,104,0.0358060429307326,1.88,9.0,31200.0,9
372,105,0.0639891719708819,1.85,9.0,31500.0,9
373,106,0.0243314597600696,1.82,9.0,31800.0,9
374,107,0.0273324853543661,1.79,9.0,32100.0,9
375,108,0.0253649254952502,1.76,9.0,32400.0,9
376,109,0.0286437593714645,1.73,9.0,32700.0,9
377,110,0.1464296640988892,1.7,9.0,33000.0,9
378,111,0.0394912287949008,1.67,9.0,33300.0,9
379,112,0.0257922140088664,1.64,9.0,33600.0,9
380,113,0.0426204843544599,1.61,9.0,33900.0,9
381,114,0.0308089471752027,1.58,9.0,34200.0,9
382,115,0.0362493159697211,1.55,9.0,34500.0,9
383,116,0.0401638349411783,1.52,9.0,34800.0,9
384,117,0.0126775391494381,1.49,9.0,35100.0,9
385,118,0.029580301547156,1.46,9.0,35400.0,9
386,119,0.0193275806519875,1.43,9.0,35700.0,9
387,120,0.0614703682093755,1.4,9.0,36000.0,9
388,121,0.0130539416211126,1.37,9.0,36300.0,9
389,122,0.0117180502215557,1.34,9.0,36600.0,9
390,123,0.046053233126522,1.31,9.0,36900.0,9
391,124,0.0232841354214639,1.28,9.0,37200.0,9
392,125,0.0280008904893757,1.25,9.0,37500.0,9
393,126,0.0258494403074758,1.22,9.0,37800.0,9
394,127,0.0568505419004013,1.19,9.0,38100.0,9
395,128,0.0267372217778793,1.16,9.0,38400.0,9
396,129,0.1028414024617027,1.13,9.0,38700.0,9
397,130,0.0292339939882119,1.1,9.0,39000.0,9
398,131,0.0192870834124241,1.07,9.0,39300.0,9
399,132,0.0129215189375952,1.04,9.0,39600.0,9
400,133,0.015170262722009,1.01,9.0,39900.0,9
401,134,0.028509690514138,0.98,9.0,40200.0,9
402,135,0.0382936669742964,0.95,9.0,40500.0,9
403,136,0.0182633304978254,0.92,9.0,40800.0,9
404,137,0.5559184431042015,0.89,9.0,41100.0,9
405,138,0.1986686168732161,0.86,9.0,41400.0,9
406,139,0.0298024242818887,0.83,9.0,41700.0,9
407,140,0.5187583118072534,0.8,9.0,42000.0,9
408,141,0.1387857337254541,0.77,9.0,42300.0,9
409,142,0.0581762997076683,0.74,9.0,42600.0,9
410,143,0.05798797265212,0.71,9.0,42900.0,9
411,144,0.0517539643615454,0.68,9.0,43200.0,9
412,145,0.0380459150421069,0.65,9.0,43500.0,9
413,146,0.2130494343358945,0.62,9.0,43800.0,9
414,147,0.0177837541285164,0.59,9.0,44100.0,9
415,148,0.0337002168903415,0.56,9.0,44400.0,9
416,149,0.0207495766743103,0.53,9.0,44700.0,9
417,150,0.0649819786518321,0.5,9.0,45000.0,9
418,151,0.0662361169961416,0.47,9.0,45300.0,9
419,152,0.1049450835164668,0.44,9.0,45600.0,9
420,153,0.0605244614560176,0.41,9.0,45900.0,9
421,154,0.0411301754884966,0.38,9.0,46200.0,9
422,155,0.0425214675031966,0.35,9.0,46500.0,9
423,156,0.0674042261171142,0.32,9.0,46800.0,9
424,157,0.0233612025339227,0.29,9.0,47100.0,9
425,158,0.0519169569661297,0.26,9.0,47400.0,9
426,159,0.029113530671665,0.23,9.0,47700.0,9
427,160,0.0430855184563902,0.2,9.0,48000.0,9
428,161,0.0999684711885764,0.17,9.0,48300.0,9
429,162,0.0346330910147123,0.14,9.0,48600.0,9
430,163,0.0471622465640949,0.11,9.0,48900.0,9
431,164,0.0366863517491064,0.08,9.0,49200.0,9
432,165,0.0901641585821883,0.05,9.0,49500.0,9
433,166,0.0194647027849715,0.02,9.0,49800.0,9
434,167,0.0,0.0,0.0,0.0,9
435,168,0.0,0.0,0.0,0.0,9
436,169,0.0,0.0,0.0,0.0,9
437,170,0.0,0.0,0.0,0.0,9
438,171,0.0,0.0,0.0,0.0,9
439,172,0.0,0.0,0.0,0.0,9
440,173,0.0,0.0,0.0,0.0,9
441,174,0.0,0.0,0.0,0.0,9
442,175,0.0,0.0,0.0,0.0,9
443,176,0.0,0.0,0.0,0.0,9
444,177,0.0,0.0,0.0,0.0,9
445,178,0.0,0.0,0.0,0.0,9
446,179,0.0,0.0,0.0,0.0,9
447,180,0.0,0.0,0.0,0.0,9
448,181,0.0,0.0,0.0,0.0,9
449,182,0.0,0.0,0.0,0.0,9
450,183,0.0,0.0,0.0,0.0,9
451,184,0.0,0.0,0.0,0.0,9
452,185,0.0,0.0,0.0,0.0,9
453,186,0.0,0.0,0.0,0.0,9
454,187,0.0,0.0,0.0,0.0,9
455,188,0.0,0.0,0.0,0.0,9
456,189,0.0,0.0,0.0,0.0,9
457,190,0.0,0.0,0.0,0.0,9
458,191,0.0,0.0,0.0,0.0,9
459,192,0.0,0.0,0.0,0.0,9
460,193,0.0,0.0,0.0,0.0,9
461,194,0.0,0.0,0.0,0.0,9
462,195,0.0,0.0,0.0,0.0,9
463,196,0.0,0.0,0.0,0.0,9
464,197,0.0,0.0,0.0,0.0,9
465,198,0.0,0.0,0.0,0.0,9
466,199,0.0,0.0,0.0,0.0,9
467,200,0.0,0.0,0.0,0.0,9
468,201,0.0,0.0,0.0,0.0,9
469,202,0.0,0.0,0.0,0.0,9
470,203,0.0,0.0,0.0,0.0,9
471,204,0.0,0.0,0.0,0.0,9
472,205,0.0,0.0,0.0,0.0,9
473,206,0.0,0.0,0.0,0.0,9
474,207,0.0,0.0,0.0,0.0,9
475,208,0.0,0.0,0.0,0.0,9
476,209,0.0,0.0,0.0,0.0,9
477,210,0.0,0.0,0.0,0.0,9
478,211,0.0,0.0,0.0,0.0,9
479,212,0.0,0.0,0.0,0.0,9
480,213,0.0,0.0,0.0,0.0,9
481,214,0.0,0.0,0.0,0.0,9
482,215,0.0,0.0,0.0,0.0,9
483,216,0.0,0.0,0.0,0.0,9
484,217,0.0,0.0,0.0,0.0,9
485,218,0.0,0.0,0.0,0.0,9
486,219,0.0,0.0,0.0,0.0,9
487,220,0.0,0.0,0.0,0.0,9
488,221,0.0,0.0,0.0,0.0,9
489,222,0.0,0.0,0.0,0.0,9
490,223,0.0,0.0,0.0,0.0,9
491,224,0.0,0.0,0.0,0.0,9
492,225,0.0,0.0,0.0,0.0,9
493,226,0.0,0.0,0.0,0.0,9
494,227,0.0,0.0,0.0,0.0,9
495,228,0.0,0.0,0.0,0.0,9
496,229,0.0,0.0,0.0,0.0,9
497,230,0.0,0.0,0.0,0.0,9
498,231,0.0,0.0,0.0,0.0,9
499,232,0.0,0.0,0.0,0.0,9
500,233,0.0,0.0,0.0,0.0,9
501,234,0.0,0.0,0.0,0.0,9
502,235,0.0,0.0,0.0,0.0,9
503,236,0.0,0.0,0.0,0.0,9
504,237,0.0,0.0,0.0,0.0,9
505,238,0.0,0.0,0.0,0.0,9
506,239,0.0,0.0,0.0,0.0,9
507,240,0.0,0.0,0.0,0.0,9
508,241,0.0,0.0,0.0,0.0,9
509,242,0.0,0.0,0.0,0.0,9
510,243,0.0,0.0,0.0,0.0,9
511,244,0.0,0.0,0.0,0.0,9
512,245,0.0,0.0,0.0,0.0,9
513,246,0.0,0.0,0.0,0.0,9
514,247,0.0,0.0,0.0,0.0,9
515,248,0.0,0.0,0.0,0.0,9
516,249,0.0,0.0,0.0,0.0,9
517,250,0.0,0.0,0.0,0.0,9
518,251,0.0,0.0,0.0,0.0,9
519,252,0.0,0.0,0.0,0.0,9
520,253,0.0,0.0,0.0,0.0,9
521,254,0.0,0.0,0.0,0.0,9
522,255,0.0,0.0,0.0,0.0,9
523,256,0.0,0.0,0.0,0.0,9
524,257,0.0,0.0,0.0,0.0,9
525,258,0.0,0.0,0.0,0.0,9
526,259,0.0,0.0,0.0,0.0,9
527,260,0.0,0.0,0.0,0.0,9
528,261,0.0,0.0,0.0,0.0,9
529,262,0.0,0.0,0.0,0.0,9
530,263,0.0,0.0,0.0,0.0,9
531,264,0.0,0.0,0.0,0.0,9
532,265,0.0,0.0,0.0,0.0,9
533,266,0.0,0.0,0.0,0.0,9
534,0,0.0281848686507504,5.0,2.0,0.0,2
535,1,0.1631712002867373,4.97,2.0,300.0,2
536,2,0.0424192233598995,4.94,2.0,600.0,2
537,3,0.024204377549645,4.91,2.0,900.0,2
538,4,0.0211834045412007,4.88,2.0,1200.0,2
539,5,0.0163084120871803,4.85,2.0,1500.0,2
540,6,0.0287162748945784,4.82,2.0,1800.0,2
541,7,0.0305496135508664,4.79,2.0,2100.0,2
542,8,0.0225493690812259,4.76,2.0,2400.0,2
543,9,0.0160066186145943,4.73,2.0,2700.0,2
544,10,0.0289467707025357,4.7,2.0,3000.0,2
545,11,0.0280989719405368,4.67,2.0,3300.0,2
546,12,0.2221062367326219,4.64,2.0,3600.0,2
547,13,0.0272368256158324,4.61,2.0,3900.0,2
548,14,0.0231512067393691,4.58,2.0,4200.0,2
549,15,0.0372295480982273,4.55,2.0,4500.0,2
550,16,0.0338895197097637,4.52,2.0,4800.0,2
551,17,0.027062759044126,4.49,2.0,5100.0,2
552,18,0.014100486863349,4.46,2.0,5400.0,2
553,19,0.0315740740930867,4.43,2.0,5700.0,2
554,20,0.0249729538659273,4.4,2.0,6000.0,2
555,21,0.0266596031974168,4.37,2.0,6300.0,2
556,22,0.0147152581177166,4.34,2.0,6600.0,2
557,23,0.0278996509722696,4.31,2.0,6900.0,2
558,24,0.0213578424601198,4.28,2.0,7200.0,2
559,25,0.0371294475612981,4.25,2.0,7500.0,2
560,26,0.0233541800370969,4.22,2.0,7800.0,2
561,27,0.0441706628592406,4.19,2.0,8100.0,2
562,28,0.0269483543543167,4.16,2.0,8400.0,2
563,29,0.0218665513623784,4.13,2.0,8700.0,2
564,30,0.0275819658250759,4.1,2.0,9000.0,2
565,31,0.0283416217559981,4.07,2.0,9300.0,2
566,32,0.0165252973704737,4.04,2.0,9600.0,2
567,33,0.0175681470399606,4.01,2.0,9900.0,2
568,34,0.0248400740923621,3.98,2.0,10200.0,2
569,35,0.0212936814384302,3.95,2.0,10500.0,2
570,36,0.0207491713594463,3.92,2.0,10800.0,2
571,37,0.0167146847054884,3.89,2.0,11100.0,2
572,38,0.0140835041225823,3.86,2.0,11400.0,2
573,39,0.0361106943521428,3.83,2.0,11700.0,2
574,40,0.0435271192930221,3.8,2.0,12000.0,2
575,41,0.0191572678482635,3.77,2.0,12300.0,2
576,42,0.029853862658241,3.74,2.0,12600.0,2
577,43,0.0212998188946363,3.71,2.0,12900.0,2
578,44,0.0196374205342366,3.68,2.0,13200.0,2
579,45,0.0190807986678935,3.65,2.0,13500.0,2
580,46,0.0276183771897522,3.62,2.0,13800.0,2
581,47,0.0320732733840746,3.59,2.0,14100.0,2
582,48,0.0627192692194944,3.56,2.0,14400.0,2
583,49,0.0372501257800997,3.53,2.0,14700.0,2
584,50,0.0365464567690932,3.5,2.0,15000.0,2
585,51,0.0223388084419452,3.47,2.0,15300.0,2
586,52,0.0244978245965773,3.44,2.0,15600.0,2
587,53,0.0237126306145654,3.41,2.0,15900.0,2
588,54,0.0630665576353546,3.38,2.0,16200.0,2
589,55,0.0215093360374675,3.35,2.0,16500.0,2
590,56,0.0283745159561985,3.32,2.0,16800.0,2
591,57,0.0229791141839085,3.29,2.0,17100.0,2
592,58,0.037423904029615,3.26,2.0,17400.0,2
593,59,0.0205608933212103,3.23,2.0,17700.0,2
594,60,0.0477896253938934,3.2,2.0,18000.0,2
595,61,0.0095702261642338,3.17,2.0,18300.0,2
596,62,0.0232042283872169,3.14,2.0,18600.0,2
597,63,0.0395236935649874,3.11,2.0,18900.0,2
598,64,0.0955351769665172,3.08,2.0,19200.0,2
599,65,0.0221189033824427,3.05,2.0,19500.0,2
600,66,0.0181330915380141,3.02,2.0,19800.0,2
601,67,0.0421856747283383,2.99,2.0,20100.0,2
602,68,0.0364598752694875,2.96,2.0,20400.0,2
603,69,0.0189809911413087,2.93,2.0,20700.0,2
604,70,0.0365427486313037,2.9,2.0,21000.0,2
605,71,0.3754302877258944,2.87,2.0,21300.0,2
606,72,0.014304306726234,2.84,2.0,21600.0,2
607,73,0.0178837815352062,2.81,2.0,21900.0,2
608,74,0.0376849495811645,2.78,2.0,22200.0,2
609,75,0.0260952204201771,2.75,2.0,22500.0,2
610,76,0.0211829149353989,2.72,2.0,22800.0,2
611,77,0.0172413335776313,2.69,2.0,23100.0,2
612,78,0.0432975214957357,2.66,2.0,23400.0,2
613,79,0.0194535679230428,2.63,2.0,23700.0,2
614,80,0.0301225783751292,2.6,2.0,24000.0,2
615,81,0.0595578864335526,2.57,2.0,24300.0,2
616,82,0.0428346731197634,2.54,2.0,24600.0,2
617,83,0.0232346781924858,2.51,2.0,24900.0,2
618,84,0.0297536075320821,2.48,2.0,25200.0,2
619,85,0.0286096119055906,2.45,2.0,25500.0,2
620,86,0.0254613340598345,2.42,2.0,25800.0,2
621,87,0.0246184857613475,2.39,2.0,26100.0,2
622,88,0.0204493016646688,2.36,2.0,26400.0,2
623,89,0.110311780314955,2.33,2.0,26700.0,2
624,90,0.0181174232795534,2.3,2.0,27000.0,2
625,91,0.0192486246535286,2.27,2.0,27300.0,2
626,92,0.0256862642140724,2.24,2.0,27600.0,2
627,93,0.0393283522102108,2.21,2.0,27900.0,2
628,94,0.0306792666208252,2.18,2.0,28200.0,2
629,95,0.0461318981733182,2.15,2.0,28500.0,2
630,96,0.0199297435646476,2.12,2.0,28800.0,2
631,97,0.0103341106815033,2.09,2.0,29100.0,2
632,98,0.0254515079075129,2.06,2.0,29400.0,2
633,99,0.0120608203581487,2.03,2.0,29700.0,2
634,100,0.0621981803934571,2.0,2.0,30000.0,2
635,101,0.0467316214932116,1.97,2.0,30300.0,2
636,102,0.0259604473848697,1.94,2.0,30600.0,2
637,103,0.0269122820275313,1.91,2.0,30900.0,2
638,104,0.0398351568612024,1.88,2.0,31200.0,2
639,105,0.1865376661855845,1.85,2.0,31500.0,2
640,106,0.2684480903006079,1.82,2.0,31800.0,2
641,107,0.0299929906874265,1.79,2.0,32100.0,2
642,108,0.0345901930540166,1.76,2.0,32400.0,2
643,109,0.0367425584332706,1.73,2.0,32700.0,2
644,110,0.0268546390110799,1.7,2.0,33000.0,2
645,111,0.0294156470629162,1.67,2.0,33300.0,2
646,112,0.0715771274200318,1.64,2.0,33600.0,2
647,113,0.024582827634226,1.61,2.0,33900.0,2
648,114,0.0873219685407652,1.58,2.0,34200.0,2
649,115,0.0142973811648209,1.55,2.0,34500.0,2
650,116,0.0284285717498362,1.52,2.0,34800.0,2
651,117,0.0233094632806412,1.49,2.0,35100.0,2
652,118,0.3594848769196154,1.46,2.0,35400.0,2
653,119,0.0280777276776496,1.43,2.0,35700.0,2
654,120,0.0185577675651828,1.4,2.0,36000.0,2
655,121,0.0275905832041097,1.37,2.0,36300.0,2
656,122,0.0666718413532947,1.34,2.0,36600.0,2
657,123,0.0275799628730147,1.31,2.0,36900.0,2
658,124,0.0247122909778813,1.28,2.0,37200.0,2
659,125,0.0242046885140861,1.25,2.0,37500.0,2
660,126,0.0436130344218941,1.22,2.0,37800.0,2
661,127,0.0247425987464226,1.19,2.0,38100.0,2
662,128,0.0145880466117061,1.16,2.0,38400.0,2
663,129,0.0287296964114474,1.13,2.0,38700.0,2
664,130,0.0125031012061883,1.1,2.0,39000.0,2
665,131,0.0287683957836269,1.07,2.0,39300.0,2
666,132,0.3837641459027992,1.04,2.0,39600.0,2
667,133,0.2115977382290268,1.01,2.0,39900.0,2
668,134,0.0322927892220675,0.98,2.0,40200.0,2
669,135,0.0380505592345614,0.95,2.0,40500.0,2
670,136,0.0170134295013426,0.92,2.0,40800.0,2
671,137,0.0447600563238149,0.89,2.0,41100.0,2
672,138,0.0255931076192309,0.86,2.0,41400.0,2
673,139,0.021358749947409,0.83,2.0,41700.0,2
674,140,0.020948755880734,0.8,2.0,42000.0,2
675,141,0.1035887412148792,0.77,2.0,42300.0,2
676,142,0.0383148399631014,0.74,2.0,42600.0,2
677,143,0.0249411764410544,0.71,2.0,42900.0,2
678,144,0.0808178786416451,0.68,2.0,43200.0,2
679,145,0.0332714660442974,0.65,2.0,43500.0,2
680,146,0.1394672384178785,0.62,2.0,43800.0,2
681,147,0.0458420004668022,0.59,2.0,44100.0,2
682,148,0.0527024433519775,0.56,2.0,44400.0,2
683,149,0.0194110018737682,0.53,2.0,44700.0,2
684,150,0.0555254809878658,0.5,2.0,45000.0,2
685,151,0.0223927948476591,0.47,2.0,45300.0,2
686,152,0.0421451460507245,0.44,2.0,45600.0,2
687,153,0.0532405770903542,0.41,2.0,45900.0,2
688,154,0.020889930713251,0.38,2.0,46200.0,2
689,155,0.033924874357797,0.35,2.0,46500.0,2
690,156,0.0377256908770128,0.32,2.0,46800.0,2
691,157,0.0805426274223204,0.29,2.0,47100.0,2
692,158,0.0696322122503378,0.26,2.0,47400.0,2
693,159,0.0406587095549944,0.23,2.0,47700.0,2
694,160,0.1736383687741948,0.2,2.0,48000.0,2
695,161,0.0779625161006913,0.17,2.0,48300.0,2
696,162,0.02616092055237,0.14,2.0,48600.0,2
697,163,0.024656463433597,0.11,2.0,48900.0,2
698,164,0.0327295569555696,0.08,2.0,49200.0,2
699,165,0.0426952206655629,0.05,2.0,49500.0,2
700,166,0.0276279743564664,0.02,2.0,49800.0,2
701,167,0.0,0.0,0.0,0.0,2
702,168,0.0,0.0,0.0,0.0,2
703,169,0.0,0.0,0.0,0.0,2
704,170,0.0,0.0,0.0,0.0,2
705,171,0.0,0.0,0.0,0.0,2
706,172,0.0,0.0,0.0,0.0,2
707,173,0.0,0.0,0.0,0.0,2
708,174,0.0,0.0,0.0,0.0,2
709,175,0.0,0.0,0.0,0.0,2
710,176,0.0,0.0,0.0,0.0,2
711,177,0.0,0.0,0.0,0.0,2
712,178,0.0,0.0,0.0,0.0,2
713,179,0.0,0.0,0.0,0.0,2
714,180,0.0,0.0,0.0,0.0,2
715,181,0.0,0.0,0.0,0.0,2
716,182,0.0,0.0,0.0,0.0,2
717,183,0.0,0.0,0.0,0.0,2
718,184,0.0,0.0,0.0,0.0,2
719,185,0.0,0.0,0.0,0.0,2
720,186,0.0,0.0,0.0,0.0,2
721,187,0.0,0.0,0.0,0.0,2
722,188,0.0,0.0,0.0,0.0,2
723,189,0.0,0.0,0.0,0.0,2
724,190,0.0,0.0,0.0,0.0,2
725,191,0.0,0.0,0.0,0.0,2
726,192,0.0,0.0,0.0,0.0,2
727,193,0.0,0.0,0.0,0.0,2
728,194,0.0,0.0,0.0,0.0,2
729,195,0.0,0.0,0.0,0.0,2
730,196,0.0,0.0,0.0,0.0,2
731,197,0.0,0.0,0.0,0.0,2
732,198,0.0,0.0,0.0,0.0,2
733,199,0.0,0.0,0.0,0.0,2
734,200,0.0,0.0,0.0,0.0,2
735,201,0.0,0.0,0.0,0.0,2
736,202,0.0,0.0,0.0,0.0,2
737,203,0.0,0.0,0.0,0.0,2
738,204,0.0,0.0,0.0,0.0,2
739,205,0.0,0.0,0.0,0.0,2
740,206,0.0,0.0,0.0,0.0,2
741,207,0.0,0.0,0.0,0.0,2
742,208,0.0,0.0,0.0,0.0,2
743,209,0.0,0.0,0.0,0.0,2
744,210,0.0,0.0,0.0,0.0,2
745,211,0.0,0.0,0.0,0.0,2
746,212,0.0,0.0,0.0,0.0,2
747,213,0.0,0.0,0.0,0.0,2
748,214,0.0,0.0,0.0,0.0,2
749,215,0.0,0.0,0.0,0.0,2
750,216,0.0,0.0,0.0,0.0,2
751,217,0.0,0.0,0.0,0.0,2
752,218,0.0,0.0,0.0,0.0,2
753,219,0.0,0.0,0.0,0.0,2
754,220,0.0,0.0,0.0,0.0,2
755,221,0.0,0.0,0.0,0.0,2
756,222,0.0,0.0,0.0,0.0,2
757,223,0.0,0.0,0.0,0.0,2
758,224,0.0,0.0,0.0,0.0,2
759,225,0.0,0.0,0.0,0.0,2
760,226,0.0,0.0,0.0,0.0,2
761,227,0.0,0.0,0.0,0.0,2
762,228,0.0,0.0,0.0,0.0,2
763,229,0.0,0.0,0.0,0.0,2
764,230,0.0,0.0,0.0,0.0,2
765,231,0.0,0.0,0.0,0.0,2
766,232,0.0,0.0,0.0,0.0,2
767,233,0.0,0.0,0.0,0.0,2
768,234,0.0,0.0,0.0,0.0,2
769,235,0.0,0.0,0.0,0.0,2
770,236,0.0,0.0,0.0,0.0,2
771,237,0.0,0.0,0.0,0.0,2
772,238,0.0,0.0,0.0,0.0,2
773,239,0.0,0.0,0.0,0.0,2
774,240,0.0,0.0,0.0,0.0,2
775,241,0.0,0.0,0.0,0.0,2
776,242,0.0,0.0,0.0,0.0,2
777,243,0.0,0.0,0.0,0.0,2
778,244,0.0,0.0,0.0,0.0,2
779,245,0.0,0.0,0.0,0.0,2
780,246,0.0,0.0,0.0,0.0,2
781,247,0.0,0.0,0.0,0.0,2
782,248,0.0,0.0,0.0,0.0,2
783,249,0.0,0.0,0.0,0.0,2
784,250,0.0,0.0,0.0,0.0,2
785,251,0.0,0.0,0.0,0.0,2
786,252,0.0,0.0,0.0,0.0,2
787,253,0.0,0.0,0.0,0.0,2
788,254,0.0,0.0,0.0,0.0,2
789,255,0.0,0.0,0.0,0.0,2
790,256,0.0,0.0,0.0,0.0,2
791,257,0.0,0.0,0.0,0.0,2
792,258,0.0,0.0,0.0,0.0,2
793,259,0.0,0.0,0.0,0.0,2
794,260,0.0,0.0,0.0,0.0,2
795,261,0.0,0.0,0.0,0.0,2
796,262,0.0,0.0,0.0,0.0,2
797,263,0.0,0.0,0.0,0.0,2
798,264,0.0,0.0,0.0,0.0,2
799,265,0.0,0.0,0.0,0.0,2
800,266,0.0,0.0,0.0,0.0,2
801,0,0.0439633791485722,5.0,6.0,0.0,6
802,1,0.5618951562930845,4.97,6.0,300.0,6
803,2,0.0329667142302409,4.94,6.0,600.0,6
804,3,0.0162609708757843,4.91,6.0,900.0,6
805,4,0.0252515209219199,4.88,6.0,1200.0,6
806,5,0.0268290392003583,4.85,6.0,1500.0,6
807,6,0.0273149008496209,4.82,6.0,1800.0,6
808,7,0.016379964400566,4.79,6.0,2100.0,6
809,8,0.0404034850751761,4.76,6.0,2400.0,6
810,9,0.077156882335178,4.73,6.0,2700.0,6
811,10,0.0269879774096875,4.7,6.0,3000.0,6
812,11,0.0533504152340309,4.67,6.0,3300.0,6
813,12,0.0490464969364221,4.64,6.0,3600.0,6
814,13,0.0269627201579584,4.61,6.0,3900.0,6
815,14,0.0204047761894405,4.58,6.0,4200.0,6
816,15,0.0213141867931744,4.55,6.0,4500.0,6
817,16,0.0224184887450589,4.52,6.0,4800.0,6
818,17,0.0275630944423895,4.49,6.0,5100.0,6
819,18,0.0206076752176913,4.46,6.0,5400.0,6
820,19,0.0244976993220303,4.43,6.0,5700.0,6
821,20,0.0276160689476618,4.4,6.0,6000.0,6
822,21,0.0212084942761041,4.37,6.0,6300.0,6
823,22,0.0147569994140989,4.34,6.0,6600.0,6
824,23,0.0113694187479138,4.31,6.0,6900.0,6
825,24,0.0348396547699025,4.28,6.0,7200.0,6
826,25,0.0268071271011875,4.25,6.0,7500.0,6
827,26,0.0331256314776167,4.22,6.0,7800.0,6
828,27,0.0150608928487581,4.19,6.0,8100.0,6
829,28,0.031209520520642,4.16,6.0,8400.0,6
830,29,0.0181016937304619,4.13,6.0,8700.0,6
831,30,0.0276335417436351,4.1,6.0,9000.0,6
832,31,0.0223327713997923,4.07,6.0,9300.0,6
833,32,0.0171080704524123,4.04,6.0,9600.0,6
834,33,0.0497481259881764,4.01,6.0,9900.0,6
835,34,0.0480184884650587,3.98,6.0,10200.0,6
836,35,0.0105836058095837,3.95,6.0,10500.0,6
837,36,0.0234267086302839,3.92,6.0,10800.0,6
838,37,0.0277303803994829,3.89,6.0,11100.0,6
839,38,0.0297871217517082,3.86,6.0,11400.0,6
840,39,0.0443871686118936,3.83,6.0,11700.0,6
841,40,0.0554825413339457,3.8,6.0,12000.0,6
842,41,0.0469331779466558,3.77,6.0,12300.0,6
843,42,0.0369448362148371,3.74,6.0,12600.0,6
844,43,0.0259599848399134,3.71,6.0,12900.0,6
845,44,0.0319779598482255,3.68,6.0,13200.0,6
846,45,0.0174017296669906,3.65,6.0,13500.0,6
847,46,0.0322921243005643,3.62,6.0,13800.0,6
848,47,0.0222273482606982,3.59,6.0,14100.0,6
849,48,0.0333529546398563,3.56,6.0,14400.0,6
850,49,0.0170202250803809,3.53,6.0,14700.0,6
851,50,0.0283509876482377,3.5,6.0,15000.0,6
852,51,0.0376894679646968,3.47,6.0,15300.0,6
853,52,0.0428939812456019,3.44,6.0,15600.0,6
854,53,0.0122750398616848,3.41,6.0,15900.0,6
855,54,0.035931344531953,3.38,6.0,16200.0,6
856,55,0.0296464076037649,3.35,6.0,16500.0,6
857,56,0.0203538469875335,3.32,6.0,16800.0,6
858,57,0.0197989311362347,3.29,6.0,17100.0,6
859,58,0.0236289239312235,3.26,6.0,17400.0,6
860,59,0.0205054423144391,3.23,6.0,17700.0,6
861,60,0.0114752123277943,3.2,6.0,18000.0,6
862,61,0.0258162542987138,3.17,6.0,18300.0,6
863,62,0.0288114047467979,3.14,6.0,18600.0,6
864,63,0.0512444655624802,3.11,6.0,18900.0,6
865,64,0.0229571566649153,3.08,6.0,19200.0,6
866,65,0.0270732764021318,3.05,6.0,19500.0,6
867,66,0.0268718785694858,3.02,6.0,19800.0,6
868,67,0.0608419176976589,2.99,6.0,20100.0,6
869,68,0.0453218308337956,2.96,6.0,20400.0,6
870,69,0.0200770592900878,2.93,6.0,20700.0,6
871,70,0.0426984025589376,2.9,6.0,21000.0,6
872,71,0.0253176490074485,2.87,6.0,21300.0,6
873,72,0.0095346918449063,2.84,6.0,21600.0,6
874,73,0.0497856422594658,2.81,6.0,21900.0,6
875,74,0.0260276831201148,2.78,6.0,22200.0,6
876,75,0.0219917794717463,2.75,6.0,22500.0,6
877,76,0.029352948695063,2.72,6.0,22800.0,6
878,77,0.0212456325387264,2.69,6.0,23100.0,6
879,78,0.0300860853627742,2.66,6.0,23400.0,6
880,79,0.0302351029861865,2.63,6.0,23700.0,6
881,80,0.0199028011132304,2.6,6.0,24000.0,6
882,81,0.0279313104397235,2.57,6.0,24300.0,6
883,82,0.0195235195530762,2.54,6.0,24600.0,6
884,83,0.0174595279227032,2.51,6.0,24900.0,6
885,84,0.0292551956788562,2.48,6.0,25200.0,6
886,85,0.0204558322091548,2.45,6.0,25500.0,6
887,86,0.0308385353974931,2.42,6.0,25800.0,6
888,87,0.0444860176825863,2.39,6.0,26100.0,6
889,88,0.0580932835788018,2.36,6.0,26400.0,6
890,89,0.0672187580683784,2.33,6.0,26700.0,6
891,90,0.0316217830784401,2.3,6.0,27000.0,6
892,91,0.0132912064361881,2.27,6.0,27300.0,6
893,92,0.054408089054165,2.24,6.0,27600.0,6
894,93,0.0265574083383405,2.21,6.0,27900.0,6
895,94,0.0341842383316874,2.18,6.0,28200.0,6
896,95,0.0286808898088625,2.15,6.0,28500.0,6
897,96,0.0418553312055307,2.12,6.0,28800.0,6
898,97,0.0199782093031431,2.09,6.0,29100.0,6
899,98,0.0453413481842629,2.06,6.0,29400.0,6
900,99,0.0300564481730682,2.03,6.0,29700.0,6
901,100,0.077261550287942,2.0,6.0,30000.0,6
902,101,0.0199942596006038,1.97,6.0,30300.0,6
903,102,0.021966230521531,1.94,6.0,30600.0,6
904,103,0.148884087180921,1.91,6.0,30900.0,6
905,104,0.0263893245754873,1.88,6.0,31200.0,6
906,105,0.0187924674977947,1.85,6.0,31500.0,6
907,106,0.02551666977448,1.82,6.0,31800.0,6
908,107,0.0367052379900348,1.79,6.0,32100.0,6
909,108,0.0353485066126099,1.76,6.0,32400.0,6
910,109,0.0724400367514861,1.73,6.0,32700.0,6
911,110,0.019022447347841,1.7,6.0,33000.0,6
912,111,0.028748867376003,1.67,6.0,33300.0,6
913,112,0.0269876999910813,1.64,6.0,33600.0,6
914,113,0.0771582696634116,1.61,6.0,33900.0,6
915,114,0.0115427585515995,1.58,6.0,34200.0,6
916,115,0.029941194038933,1.55,6.0,34500.0,6
917,116,0.033962828337132,1.52,6.0,34800.0,6
918,117,0.0188058145462675,1.49,6.0,35100.0,6
919,118,0.0621143248932477,1.46,6.0,35400.0,6
920,119,0.028321329351697,1.43,6.0,35700.0,6
921,120,0.0190508618016309,1.4,6.0,36000.0,6
922,121,0.0216777645481812,1.37,6.0,36300.0,6
923,122,0.0222815285387135,1.34,6.0,36600.0,6
924,123,0.0374158155079915,1.31,6.0,36900.0,6
925,124,0.0268862113478585,1.28,6.0,37200.0,6
926,125,0.0281875059047652,1.25,6.0,37500.0,6
927,126,0.0348149564585886,1.22,6.0,37800.0,6
928,127,0.0159263692455755,1.19,6.0,38100.0,6
929,128,0.0197060220483848,1.16,6.0,38400.0,6
930,129,0.036295159318125,1.13,6.0,38700.0,6
931,130,0.018460286966754,1.1,6.0,39000.0,6
932,131,0.0365395620174248,1.07,6.0,39300.0,6
933,132,0.0166561579684034,1.04,6.0,39600.0,6
934,133,0.0172863525142744,1.01,6.0,39900.0,6
935,134,0.0320292200667507,0.98,6.0,40200.0,6
936,135,0.0215127457354131,0.95,6.0,40500.0,6
937,136,0.0404070657892386,0.92,6.0,40800.0,6
938,137,0.0236527490363325,0.89,6.0,41100.0,6
939,138,0.1112240574622309,0.86,6.0,41400.0,6
940,139,0.1007815781350036,0.83,6.0,41700.0,6
941,140,0.0394140553446303,0.8,6.0,42000.0,6
942,141,0.0899750447301563,0.77,6.0,42300.0,6
943,142,0.044187201433567,0.74,6.0,42600.0,6
944,143,0.0477228864901362,0.71,6.0,42900.0,6
945,144,0.0193467999918897,0.68,6.0,43200.0,6
946,145,0.0638427543794205,0.65,6.0,43500.0,6
947,146,0.0285322125305577,0.62,6.0,43800.0,6
948,147,0.019407313721377,0.59,6.0,44100.0,6
949,148,0.0133202542211495,0.56,6.0,44400.0,6
950,149,0.0299113748900267,0.53,6.0,44700.0,6
951,150,0.0327924673172367,0.5,6.0,45000.0,6
952,151,0.027594261144708,0.47,6.0,45300.0,6
953,152,0.0383124814095733,0.44,6.0,45600.0,6
954,153,0.0404501559390217,0.41,6.0,45900.0,6
955,154,0.0275686319585401,0.38,6.0,46200.0,6
956,155,0.020990117424975,0.35,6.0,46500.0,6
957,156,0.0234193579641438,0.32,6.0,46800.0,6
958,157,0.0406641231929144,0.29,6.0,47100.0,6
959,158,0.0262047987754838,0.26,6.0,47400.0,6
960,159,0.0318688529141424,0.23,6.0,47700.0,6
961,160,0.0352870902531736,0.2,6.0,48000.0,6
962,161,0.0736037796979436,0.17,6.0,48300.0,6
963,162,0.0609106640349158,0.14,6.0,48600.0,6
964,163,0.0258248759701254,0.11,6.0,48900.0,6
965,164,0.031997312141354,0.08,6.0,49200.0,6
966,165,0.0383209792328147,0.05,6.0,49500.0,6
967,166,0.065859353011136,0.02,6.0,49800.0,6
968,167,0.0,0.0,0.0,0.0,6
969,168,0.0,0.0,0.0,0.0,6
970,169,0.0,0.0,0.0,0.0,6
971,170,0.0,0.0,0.0,0.0,6
972,171,0.0,0.0,0.0,0.0,6
973,172,0.0,0.0,0.0,0.0,6
974,173,0.0,0.0,0.0,0.0,6
975,174,0.0,0.0,0.0,0.0,6
976,175,0.0,0.0,0.0,0.0,6
977,176,0.0,0.0,0.0,0.0,6
978,177,0.0,0.0,0.0,0.0,6
979,178,0.0,0.0,0.0,0.0,6
980,179,0.0,0.0,0.0,0.0,6
981,180,0.0,0.0,0.0,0.0,6
982,181,0.0,0.0,0.0,0.0,6
983,182,0.0,0.0,0.0,0.0,6
984,183,0.0,0.0,0.0,0.0,6
985,184,0.0,0.0,0.0,0.0,6
986,185,0.0,0.0,0.0,0.0,6
987,186,0.0,0.0,0.0,0.0,6
988,187,0.0,0.0,0.0,0.0,6
989,188,0.0,0.0,0.0,0.0,6
990,189,0.0,0.0,0.0,0.0,6
991,190,0.0,0.0,0.0,0.0,6
992,191,0.0,0.0,0.0,0.0,6
993,192,0.0,0.0,0.0,0.0,6
994,193,0.0,0.0,0.0,0.0,6
995,194,0.0,0.0,0.0,0.0,6
996,195,0.0,0.0,0.0,0.0,6
997,196,0.0,0.0,0.0,0.0,6
998,197,0.0,0.0,0.0,0.0,6
999,198,0.0,0.0,0.0,0.0,6
1000,199,0.0,0.0,0.0,0.0,6
1001,200,0.0,0.0,0.0,0.0,6
1002,201,0.0,0.0,0.0,0.0,6
1003,202,0.0,0.0,0.0,0.0,6
1004,203,0.0,0.0,0.0,0.0,6
1005,204,0.0,0.0,0.0,0.0,6
1006,205,0.0,0.0,0.0,0.0,6
1007,206,0.0,0.0,0.0,0.0,6
1008,207,0.0,0.0,0.0,0.0,6
1009,208,0.0,0.0,0.0,0.0,6
1010,209,0.0,0.0,0.0,0.0,6
1011,210,0.0,0.0,0.0,0.0,6
1012,211,0.0,0.0,0.0,0.0,6
1013,212,0.0,0.0,0.0,0.0,6
1014,213,0.0,0.0,0.0,0.0,6
1015,214,0.0,0.0,0.0,0.0,6
1016,215,0.0,0.0,0.0,0.0,6
1017,216,0.0,0.0,0.0,0.0,6
1018,217,0.0,0.0,0.0,0.0,6
1019,218,0.0,0.0,0.0,0.0,6
1020,219,0.0,0.0,0.0,0.0,6
1021,220,0.0,0.0,0.0,0.0,6
1022,221,0.0,0.0,0.0,0.0,6
1023,222,0.0,0.0,0.0,0.0,6
1024,223,0.0,0.0,0.0,0.0,6
1025,224,0.0,0.0,0.0,0.0,6
1026,225,0.0,0.0,0.0,0.0,6
1027,226,0.0,0.0,0.0,0.0,6
1028,227,0.0,0.0,0.0,0.0,6
1029,228,0.0,0.0,0.0,0.0,6
1030,229,0.0,0.0,0.0,0.0,6
1031,230,0.0,0.0,0.0,0.0,6
1032,231,0.0,0.0,0.0,0.0,6
1033,232,0.0,0.0,0.0,0.0,6
1034,233,0.0,0.0,0.0,0.0,6
1035,234,0.0,0.0,0.0,0.0,6
1036,235,0.0,0.0,0.0,0.0,6
1037,236,0.0,0.0,0.0,0.0,6
1038,237,0.0,0.0,0.0,0.0,6
1039,238,0.0,0.0,0.0,0.0,6
1040,239,0.0,0.0,0.0,0.0,6
1041,240,0.0,0.0,0.0,0.0,6
1042,241,0.0,0.0,0.0,0.0,6
1043,242,0.0,0.0,0.0,0.0,6
1044,243,0.0,0.0,0.0,0.0,6
1045,244,0.0,0.0,0.0,0.0,6
1046,245,0.0,0.0,0.0,0.0,6
1047,246,0.0,0.0,0.0,0.0,6
1048,247,0.0,0.0,0.0,0.0,6
1049,248,0.0,0.0,0.0,0.0,6
1050,249,0.0,0.0,0.0,0.0,6
1051,250,0.0,0.0,0.0,0.0,6
1052,251,0.0,0.0,0.0,0.0,6
1053,252,0.0,0.0,0.0,0.0,6
1054,253,0.0,0.0,0.0,0.0,6
1055,254,0.0,0.0,0.0,0.0,6
1056,255,0.0,0.0,0.0,0.0,6
1057,256,0.0,0.0,0.0,0.0,6
1058,257,0.0,0.0,0.0,0.0,6
1059,258,0.0,0.0,0.0,0.0,6
1060,259,0.0,0.0,0.0,0.0,6
1061,260,0.0,0.0,0.0,0.0,6
1062,261,0.0,0.0,0.0,0.0,6
1063,262,0.0,0.0,0.0,0.0,6
1064,263,0.0,0.0,0.0,0.0,6
1065,264,0.0,0.0,0.0,0.0,6
1066,265,0.0,0.0,0.0,0.0,6
1067,266,0.0,0.0,0.0,0.0,6
1068,0,0.0139718592592132,5.0,7.0,0.0,7
1069,1,0.2027048006656379,4.97,7.0,300.0,7
1070,2,0.0272020558738733,4.94,7.0,600.0,7
1071,3,0.0226801005174165,4.91,7.0,900.0,7
1072,4,0.0421457897321289,4.88,7.0,1200.0,7
1073,5,0.0320034041953433,4.85,7.0,1500.0,7
1074,6,0.0288953886735681,4.82,7.0,1800.0,7
1075,7,0.0143014638321263,4.79,7.0,2100.0,7
1076,8,0.0564548516644606,4.76,7.0,2400.0,7
1077,9,0.0206503278343642,4.73,7.0,2700.0,7
1078,10,0.0337137089560678,4.7,7.0,3000.0,7
1079,11,0.0143367539191931,4.67,7.0,3300.0,7
1080,12,0.020141975314442,4.64,7.0,3600.0,7
1081,13,0.0266434828234477,4.61,7.0,3900.0,7
1082,14,0.021501702859033,4.58,7.0,4200.0,7
1083,15,0.0865935591196289,4.55,7.0,4500.0,7
1084,16,0.0120573085741973,4.52,7.0,4800.0,7
1085,17,0.0258441711123312,4.49,7.0,5100.0,7
1086,18,0.0234710053589405,4.46,7.0,5400.0,7
1087,19,0.0221442364023965,4.43,7.0,5700.0,7
1088,20,0.0164734858742537,4.4,7.0,6000.0,7
1089,21,0.0341928651351564,4.37,7.0,6300.0,7
1090,22,0.0417334698011618,4.34,7.0,6600.0,7
1091,23,0.0324434266544209,4.31,7.0,6900.0,7
1092,24,0.0391129348518973,4.28,7.0,7200.0,7
1093,25,0.0308374471543167,4.25,7.0,7500.0,7
1094,26,0.0232302459722207,4.22,7.0,7800.0,7
1095,27,0.0141389695087353,4.19,7.0,8100.0,7
1096,28,0.0123310988037339,4.16,7.0,8400.0,7
1097,29,0.0323469838456453,4.13,7.0,8700.0,7
1098,30,0.0406153578377149,4.1,7.0,9000.0,7
1099,31,0.0474887818316147,4.07,7.0,9300.0,7
1100,32,0.0243964634314856,4.04,7.0,9600.0,7
1101,33,0.0162545580248782,4.01,7.0,9900.0,7
1102,34,0.0147999125174702,3.98,7.0,10200.0,7
1103,35,0.0134800771456225,3.95,7.0,10500.0,7
1104,36,0.0311338245219745,3.92,7.0,10800.0,7
1105,37,0.0111166538170868,3.89,7.0,11100.0,7
1106,38,0.0375426142585008,3.86,7.0,11400.0,7
1107,39,0.0345706498572247,3.83,7.0,11700.0,7
1108,40,0.0372774587931105,3.8,7.0,12000.0,7
1109,41,0.0268731818514599,3.77,7.0,12300.0,7
1110,42,0.0243150003117103,3.74,7.0,12600.0,7
1111,43,0.0260423729334902,3.71,7.0,12900.0,7
1112,44,0.0246462142763262,3.68,7.0,13200.0,7
1113,45,0.0154571411696391,3.65,7.0,13500.0,7
1114,46,0.0289223265073602,3.62,7.0,13800.0,7
1115,47,0.0227181599946757,3.59,7.0,14100.0,7
1116,48,0.0307955059214152,3.56,7.0,14400.0,7
1117,49,0.0157681379251868,3.53,7.0,14700.0,7
1118,50,0.0166764876475465,3.5,7.0,15000.0,7
1119,51,0.0398111907762606,3.47,7.0,15300.0,7
1120,52,0.016192562602596,3.44,7.0,15600.0,7
1121,53,0.0327893941817438,3.41,7.0,15900.0,7
1122,54,0.0263336168709237,3.38,7.0,16200.0,7
1123,55,0.0615835539520994,3.35,7.0,16500.0,7
1124,56,0.0491574164243747,3.32,7.0,16800.0,7
1125,57,0.0519776210726966,3.29,7.0,17100.0,7
1126,58,0.0156136356189231,3.26,7.0,17400.0,7
1127,59,0.0189236298053433,3.23,7.0,17700.0,7
1128,60,0.0534386663741706,3.2,7.0,18000.0,7
1129,61,0.0465546553165503,3.17,7.0,18300.0,7
1130,62,0.211802219725958,3.14,7.0,18600.0,7
1131,63,0.0227410194710475,3.11,7.0,18900.0,7
1132,64,0.0293903036553778,3.08,7.0,19200.0,7
1133,65,0.0195843505773691,3.05,7.0,19500.0,7
1134,66,0.0214781656513008,3.02,7.0,19800.0,7
1135,67,0.028084328520299,2.99,7.0,20100.0,7
1136,68,0.0322853166058604,2.96,7.0,20400.0,7
1137,69,0.0550352839355723,2.93,7.0,20700.0,7
1138,70,0.0130428901158808,2.9,7.0,21000.0,7
1139,71,0.0411968342966864,2.87,7.0,21300.0,7
1140,72,0.0294599854238336,2.84,7.0,21600.0,7
1141,73,0.0122982711771209,2.81,7.0,21900.0,7
1142,74,0.0247646084156427,2.78,7.0,22200.0,7
1143,75,0.0866630525714431,2.75,7.0,22500.0,7
1144,76,0.0488436102982854,2.72,7.0,22800.0,7
1145,77,0.0393275153524784,2.69,7.0,23100.0,7
1146,78,0.0330665712384595,2.66,7.0,23400.0,7
1147,79,0.037569696523854,2.63,7.0,23700.0,7
1148,80,0.2197093978613691,2.6,7.0,24000.0,7
1149,81,0.0680252237734165,2.57,7.0,24300.0,7
1150,82,0.083480002024978,2.54,7.0,24600.0,7
1151,83,0.0708524677398602,2.51,7.0,24900.0,7
1152,84,0.0487013773086876,2.48,7.0,25200.0,7
1153,85,0.0633121911281729,2.45,7.0,25500.0,7
1154,86,0.0155317876814069,2.42,7.0,25800.0,7
1155,87,0.0361882732415665,2.39,7.0,26100.0,7
1156,88,0.0227944899705777,2.36,7.0,26400.0,7
1157,89,0.0262132786791776,2.33,7.0,26700.0,7
1158,90,0.0297502793266036,2.3,7.0,27000.0,7
1159,91,0.0225690305873098,2.27,7.0,27300.0,7
1160,92,0.0176739125090567,2.24,7.0,27600.0,7
1161,93,0.0659486431445163,2.21,7.0,27900.0,7
1162,94,0.0658136907380967,2.18,7.0,28200.0,7
1163,95,0.010946890937405,2.15,7.0,28500.0,7
1164,96,0.0217078698446791,2.12,7.0,28800.0,7
1165,97,0.0345294924614048,2.09,7.0,29100.0,7
1166,98,0.01949446097515,2.06,7.0,29400.0,7
1167,99,0.0198752493124075,2.03,7.0,29700.0,7
1168,100,0.0288303744543758,2.0,7.0,30000.0,7
1169,101,0.022964592345525,1.97,7.0,30300.0,7
1170,102,0.0327301948357668,1.94,7.0,30600.0,7
1171,103,0.0410774863720585,1.91,7.0,30900.0,7
1172,104,0.0147573199697878,1.88,7.0,31200.0,7
1173,105,0.0355503087644644,1.85,7.0,31500.0,7
1174,106,0.0298886853156302,1.82,7.0,31800.0,7
1175,107,0.0900612429210434,1.79,7.0,32100.0,7
1176,108,0.0512263075433856,1.76,7.0,32400.0,7
1177,109,0.025744482091441,1.73,7.0,32700.0,7
1178,110,0.0258239734610451,1.7,7.0,33000.0,7
1179,111,0.0146433822683297,1.67,7.0,33300.0,7
1180,112,0.018638647276494,1.64,7.0,33600.0,7
1181,113,0.013173142366416,1.61,7.0,33900.0,7
1182,114,0.0292603620837893,1.58,7.0,34200.0,7
1183,115,0.039133858211274,1.55,7.0,34500.0,7
1184,116,0.0199159776833993,1.52,7.0,34800.0,7
1185,117,0.0149032860540587,1.49,7.0,35100.0,7
1186,118,0.0194630727275844,1.46,7.0,35400.0,7
1187,119,0.0842036235430248,1.43,7.0,35700.0,7
1188,120,0.063991807552797,1.4,7.0,36000.0,7
1189,121,0.0482784237524598,1.37,7.0,36300.0,7
1190,122,0.1244930679831099,1.34,7.0,36600.0,7
1191,123,0.0354140875976384,1.31,7.0,36900.0,7
1192,124,0.1193945107472538,1.28,7.0,37200.0,7
1193,125,0.027731876474257,1.25,7.0,37500.0,7
1194,126,0.0492830374174688,1.22,7.0,37800.0,7
1195,127,0.0409555545472129,1.19,7.0,38100.0,7
1196,128,0.0338002599171114,1.16,7.0,38400.0,7
1197,129,0.0238048011833178,1.13,7.0,38700.0,7
1198,130,0.0475958332741546,1.1,7.0,39000.0,7
1199,131,0.0493610073495765,1.07,7.0,39300.0,7
1200,132,0.0262487693567215,1.04,7.0,39600.0,7
1201,133,0.0258421642316853,1.01,7.0,39900.0,7
1202,134,0.0353489818844113,0.98,7.0,40200.0,7
1203,135,0.0225487993516702,0.95,7.0,40500.0,7
1204,136,0.0508932069695427,0.92,7.0,40800.0,7
1205,137,0.0371858878072656,0.89,7.0,41100.0,7
1206,138,0.0943483620199406,0.86,7.0,41400.0,7
1207,139,0.0214983382495186,0.83,7.0,41700.0,7
1208,140,0.0844748359249816,0.8,7.0,42000.0,7
1209,141,0.0576790121372378,0.77,7.0,42300.0,7
1210,142,0.0338865355569476,0.74,7.0,42600.0,7
1211,143,0.0701897545281353,0.71,7.0,42900.0,7
1212,144,0.0666412533284493,0.68,7.0,43200.0,7
1213,145,0.0443177794066311,0.65,7.0,43500.0,7
1214,146,0.0380696060058977,0.62,7.0,43800.0,7
1215,147,0.0686153581383645,0.59,7.0,44100.0,7
1216,148,0.0615690981212875,0.56,7.0,44400.0,7
1217,149,0.033192961726268,0.53,7.0,44700.0,7
1218,150,0.0188751235945199,0.5,7.0,45000.0,7
1219,151,0.0308458103314934,0.47,7.0,45300.0,7
1220,152,0.0247290998779552,0.44,7.0,45600.0,7
1221,153,0.0247894443302562,0.41,7.0,45900.0,7
1222,154,0.0242192687130958,0.38,7.0,46200.0,7
1223,155,0.0332722468088088,0.35,7.0,46500.0,7
1224,156,0.0189500066263813,0.32,7.0,46800.0,7
1225,157,0.0937379859745062,0.29,7.0,47100.0,7
1226,158,0.0291119232258753,0.26,7.0,47400.0,7
1227,159,0.0652110037831078,0.23,7.0,47700.0,7
1228,160,0.0870168782812755,0.2,7.0,48000.0,7
1229,161,0.0990813880187844,0.17,7.0,48300.0,7
1230,162,0.2424066258629013,0.14,7.0,48600.0,7
1231,163,0.0309456258072424,0.11,7.0,48900.0,7
1232,164,0.046169577152094,0.08,7.0,49200.0,7
1233,165,0.0270741195154755,0.05,7.0,49500.0,7
1234,166,0.0,0.0,0.0,0.0,7
1235,167,0.0,0.0,0.0,0.0,7
1236,168,0.0,0.0,0.0,0.0,7
1237,169,0.0,0.0,0.0,0.0,7
1238,170,0.0,0.0,0.0,0.0,7
1239,171,0.0,0.0,0.0,0.0,7
1240,172,0.0,0.0,0.0,0.0,7
1241,173,0.0,0.0,0.0,0.0,7
1242,174,0.0,0.0,0.0,0.0,7
1243,175,0.0,0.0,0.0,0.0,7
1244,176,0.0,0.0,0.0,0.0,7
1245,177,0.0,0.0,0.0,0.0,7
1246,178,0.0,0.0,0.0,0.0,7
1247,179,0.0,0.0,0.0,0.0,7
1248,180,0.0,0.0,0.0,0.0,7
1249,181,0.0,0.0,0.0,0.0,7
1250,182,0.0,0.0,0.0,0.0,7
1251,183,0.0,0.0,0.0,0.0,7
1252,184,0.0,0.0,0.0,0.0,7
1253,185,0.0,0.0,0.0,0.0,7
1254,186,0.0,0.0,0.0,0.0,7
1255,187,0.0,0.0,0.0,0.0,7
1256,188,0.0,0.0,0.0,0.0,7
1257,189,0.0,0.0,0.0,0.0,7
1258,190,0.0,0.0,0.0,0.0,7
1259,191,0.0,0.0,0.0,0.0,7
1260,192,0.0,0.0,0.0,0.0,7
1261,193,0.0,0.0,0.0,0.0,7
1262,194,0.0,0.0,0.0,0.0,7
1263,195,0.0,0.0,0.0,0.0,7
1264,196,0.0,0.0,0.0,0.0,7
1265,197,0.0,0.0,0.0,0.0,7
1266,198,0.0,0.0,0.0,0.0,7
1267,199,0.0,0.0,0.0,0.0,7
1268,200,0.0,0.0,0.0,0.0,7
1269,201,0.0,0.0,0.0,0.0,7
1270,202,0.0,0.0,0.0,0.0,7
1271,203,0.0,0.0,0.0,0.0,7
1272,204,0.0,0.0,0.0,0.0,7
1273,205,0.0,0.0,0.0,0.0,7
1274,206,0.0,0.0,0.0,0.0,7
1275,207,0.0,0.0,0.0,0.0,7
1276,208,0.0,0.0,0.0,0.0,7
1277,209,0.0,0.0,0.0,0.0,7
1278,210,0.0,0.0,0.0,0.0,7
1279,211,0.0,0.0,0.0,0.0,7
1280,212,0.0,0.0,0.0,0.0,7
1281,213,0.0,0.0,0.0,0.0,7
1282,214,0.0,0.0,0.0,0.0,7
1283,215,0.0,0.0,0.0,0.0,7
1284,216,0.0,0.0,0.0,0.0,7
1285,217,0.0,0.0,0.0,0.0,7
1286,218,0.0,0.0,0.0,0.0,7
1287,219,0.0,0.0,0.0,0.0,7
1288,220,0.0,0.0,0.0,0.0,7
1289,221,0.0,0.0,0.0,0.0,7
1290,222,0.0,0.0,0.0,0.0,7
1291,223,0.0,0.0,0.0,0.0,7
1292,224,0.0,0.0,0.0,0.0,7
1293,225,0.0,0.0,0.0,0.0,7
1294,226,0.0,0.0,0.0,0.0,7
1295,227,0.0,0.0,0.0,0.0,7
1296,228,0.0,0.0,0.0,0.0,7
1297,229,0.0,0.0,0.0,0.0,7
1298,230,0.0,0.0,0.0,0.0,7
1299,231,0.0,0.0,0.0,0.0,7
1300,232,0.0,0.0,0.0,0.0,7
1301,233,0.0,0.0,0.0,0.0,7
1302,234,0.0,0.0,0.0,0.0,7
1303,235,0.0,0.0,0.0,0.0,7
1304,236,0.0,0.0,0.0,0.0,7
1305,237,0.0,0.0,0.0,0.0,7
1306,238,0.0,0.0,0.0,0.0,7
1307,239,0.0,0.0,0.0,0.0,7
1308,240,0.0,0.0,0.0,0.0,7
1309,241,0.0,0.0,0.0,0.0,7
1310,242,0.0,0.0,0.0,0.0,7
1311,243,0.0,0.0,0.0,0.0,7
1312,244,0.0,0.0,0.0,0.0,7
1313,245,0.0,0.0,0.0,0.0,7
1314,246,0.0,0.0,0.0,0.0,7
1315,247,0.0,0.0,0.0,0.0,7
1316,248,0.0,0.0,0.0,0.0,7
1317,249,0.0,0.0,0.0,0.0,7
1318,250,0.0,0.0,0.0,0.0,7
1319,251,0.0,0.0,0.0,0.0,7
1320,252,0.0,0.0,0.0,0.0,7
1321,253,0.0,0.0,0.0,0.0,7
1322,254,0.0,0.0,0.0,0.0,7
1323,255,0.0,0.0,0.0,0.0,7
1324,256,0.0,0.0,0.0,0.0,7
1325,257,0.0,0.0,0.0,0.0,7
1326,258,0.0,0.0,0.0,0.0,7
1327,259,0.0,0.0,0.0,0.0,7
1328,260,0.0,0.0,0.0,0.0,7
1329,261,0.0,0.0,0.0,0.0,7
1330,262,0.0,0.0,0.0,0.0,7
1331,263,0.0,0.0,0.0,0.0,7
1332,264,0.0,0.0,0.0,0.0,7
1333,265,0.0,0.0,0.0,0.0,7
1334,266,0.0,0.0,0.0,0.0,7
1335,0,0.0296955798379954,5.0,4.0,0.0,4
1336,1,0.0907452105592554,4.97,4.0,300.0,4
1337,2,0.0472895423052965,4.94,4.0,600.0,4
1338,3,0.0207256252053294,4.91,4.0,900.0,4
1339,4,0.0255426260754111,4.88,4.0,1200.0,4
1340,5,0.0477433364464765,4.85,4.0,1500.0,4
1341,6,0.0754757657905796,4.82,4.0,1800.0,4
1342,7,0.0246457766348322,4.79,4.0,2100.0,4
1343,8,0.0237081437333809,4.76,4.0,2400.0,4
1344,9,0.0212393409413705,4.73,4.0,2700.0,4
1345,10,0.0300147359670788,4.7,4.0,3000.0,4
1346,11,0.0228112952216015,4.67,4.0,3300.0,4
1347,12,0.0199045689923271,4.64,4.0,3600.0,4
1348,13,0.0203341571168869,4.61,4.0,3900.0,4
1349,14,0.01342155945511,4.58,4.0,4200.0,4
1350,15,0.0312632731189015,4.55,4.0,4500.0,4
1351,16,0.0366405911743404,4.52,4.0,4800.0,4
1352,17,0.0402723783620435,4.49,4.0,5100.0,4
1353,18,0.0318377745685286,4.46,4.0,5400.0,4
1354,19,0.0279903326394275,4.43,4.0,5700.0,4
1355,20,0.0409969217046779,4.4,4.0,6000.0,4
1356,21,0.014568367564111,4.37,4.0,6300.0,4
1357,22,0.0202410042077084,4.34,4.0,6600.0,4
1358,23,0.0393399070028971,4.31,4.0,6900.0,4
1359,24,0.0425903790375731,4.28,4.0,7200.0,4
1360,25,0.0214086058672097,4.25,4.0,7500.0,4
1361,26,0.0182665747556371,4.22,4.0,7800.0,4
1362,27,0.0396826240670313,4.19,4.0,8100.0,4
1363,28,0.0221491981525785,4.16,4.0,8400.0,4
1364,29,0.014989405257431,4.13,4.0,8700.0,4
1365,30,0.0168112843716963,4.1,4.0,9000.0,4
1366,31,0.0164012712857194,4.07,4.0,9300.0,4
1367,32,0.0348003732631379,4.04,4.0,9600.0,4
1368,33,0.0460723823628068,4.01,4.0,9900.0,4
1369,34,0.0166286996458766,3.98,4.0,10200.0,4
1370,35,0.0430157588893733,3.95,4.0,10500.0,4
1371,36,0.0339357152162449,3.92,4.0,10800.0,4
1372,37,0.0249723623871708,3.89,4.0,11100.0,4
1373,38,0.0181887806546127,3.86,4.0,11400.0,4
1374,39,0.0360964487906298,3.83,4.0,11700.0,4
1375,40,0.0541334264535726,3.8,4.0,12000.0,4
1376,41,0.0272045484340087,3.77,4.0,12300.0,4
1377,42,0.0232833620861196,3.74,4.0,12600.0,4
1378,43,0.0658014270269651,3.71,4.0,12900.0,4
1379,44,0.0195908103133391,3.68,4.0,13200.0,4
1380,45,0.0296868235845933,3.65,4.0,13500.0,4
1381,46,0.0205311809001007,3.62,4.0,13800.0,4
1382,47,0.024311774770222,3.59,4.0,14100.0,4
1383,48,0.0448629013967793,3.56,4.0,14400.0,4
1384,49,0.0261006500980843,3.53,4.0,14700.0,4
1385,50,0.0155791218548956,3.5,4.0,15000.0,4
1386,51,0.01602003348783,3.47,4.0,15300.0,4
1387,52,0.0257031455752239,3.44,4.0,15600.0,4
1388,53,0.1396814826027535,3.41,4.0,15900.0,4
1389,54,0.0357295229695828,3.38,4.0,16200.0,4
1390,55,0.0570612043059686,3.35,4.0,16500.0,4
1391,56,0.0183956609514838,3.32,4.0,16800.0,4
1392,57,0.0301055790556874,3.29,4.0,17100.0,4
1393,58,0.0314988045004159,3.26,4.0,17400.0,4
1394,59,0.0332284201724558,3.23,4.0,17700.0,4
1395,60,0.0117757477636537,3.2,4.0,18000.0,4
1396,61,0.0257310600353804,3.17,4.0,18300.0,4
1397,62,0.0386240333049737,3.14,4.0,18600.0,4
1398,63,0.0290109859330233,3.11,4.0,18900.0,4
1399,64,0.0146745535384898,3.08,4.0,19200.0,4
1400,65,0.0342498338777256,3.05,4.0,19500.0,4
1401,66,0.0483840868405158,3.02,4.0,19800.0,4
1402,67,0.0205749200797225,2.99,4.0,20100.0,4
1403,68,0.0319562679525069,2.96,4.0,20400.0,4
1404,69,0.0260446897021436,2.93,4.0,20700.0,4
1405,70,0.0189102983887122,2.9,4.0,21000.0,4
1406,71,0.0311154955293331,2.87,4.0,21300.0,4
1407,72,0.0274138581129614,2.84,4.0,21600.0,4
1408,73,0.0399953918715339,2.81,4.0,21900.0,4
1409,74,0.0197869043092956,2.78,4.0,22200.0,4
1410,75,0.0273001150888626,2.75,4.0,22500.0,4
1411,76,0.0350105285003253,2.72,4.0,22800.0,4
1412,77,0.0137566621195853,2.69,4.0,23100.0,4
1413,78,0.011630104486898,2.66,4.0,23400.0,4
1414,79,0.0196854286771923,2.63,4.0,23700.0,4
1415,80,0.0210430969123483,2.6,4.0,24000.0,4
1416,81,0.0647949279843938,2.57,4.0,24300.0,4
1417,82,0.0202773690306847,2.54,4.0,24600.0,4
1418,83,0.0226633801042395,2.51,4.0,24900.0,4
1419,84,0.0525427768331665,2.48,4.0,25200.0,4
1420,85,0.0260517896532179,2.45,4.0,25500.0,4
1421,86,0.0358230879890289,2.42,4.0,25800.0,4
1422,87,0.045360962208409,2.39,4.0,26100.0,4
1423,88,0.0363580624088034,2.36,4.0,26400.0,4
1424,89,0.0134218871055897,2.33,4.0,26700.0,4
1425,90,0.0127053999059098,2.3,4.0,27000.0,4
1426,91,0.0496062716393531,2.27,4.0,27300.0,4
1427,92,0.0251580306719678,2.24,4.0,27600.0,4
1428,93,0.0216916592884582,2.21,4.0,27900.0,4
1429,94,0.0347003185620146,2.18,4.0,28200.0,4
1430,95,0.031971079139412,2.15,4.0,28500.0,4
1431,96,0.028801647887339,2.12,4.0,28800.0,4
1432,97,0.0209407013303968,2.09,4.0,29100.0,4
1433,98,0.0286164029299592,2.06,4.0,29400.0,4
1434,99,0.0381292431503217,2.03,4.0,29700.0,4
1435,100,0.0267580668305065,2.0,4.0,30000.0,4
1436,101,0.0214556089647329,1.97,4.0,30300.0,4
1437,102,0.0188041666340998,1.94,4.0,30600.0,4
1438,103,0.0182877087622455,1.91,4.0,30900.0,4
1439,104,0.0158447352845396,1.88,4.0,31200.0,4
1440,105,0.0673699974993443,1.85,4.0,31500.0,4
1441,106,0.041904319352338,1.82,4.0,31800.0,4
1442,107,0.098016292726087,1.79,4.0,32100.0,4
1443,108,0.0479091032744051,1.76,4.0,32400.0,4
1444,109,0.0235624416120154,1.73,4.0,32700.0,4
1445,110,0.0142152830382175,1.7,4.0,33000.0,4
1446,111,0.044967026816631,1.67,4.0,33300.0,4
1447,112,0.0213562189908344,1.64,4.0,33600.0,4
1448,113,0.071423398605719,1.61,4.0,33900.0,4
1449,114,0.0400001813281074,1.58,4.0,34200.0,4
1450,115,0.0222884498040366,1.55,4.0,34500.0,4
1451,116,0.0825999671824878,1.52,4.0,34800.0,4
1452,117,0.0608333728056617,1.49,4.0,35100.0,4
1453,118,0.03740352670091,1.46,4.0,35400.0,4
1454,119,0.0315674523223756,1.43,4.0,35700.0,4
1455,120,0.0779493217254402,1.4,4.0,36000.0,4
1456,121,0.0324340863090334,1.37,4.0,36300.0,4
1457,122,0.0253843320273338,1.34,4.0,36600.0,4
1458,123,0.0984630048801457,1.31,4.0,36900.0,4
1459,124,0.025419921318367,1.28,4.0,37200.0,4
1460,125,0.0788626058225276,1.25,4.0,37500.0,4
1461,126,0.0136769851514739,1.22,4.0,37800.0,4
1462,127,0.0178214309635079,1.19,4.0,38100.0,4
1463,128,0.0563083491395821,1.16,4.0,38400.0,4
1464,129,0.101599419342653,1.13,4.0,38700.0,4
1465,130,0.0393673609629729,1.1,4.0,39000.0,4
1466,131,0.0677248989348668,1.07,4.0,39300.0,4
1467,132,0.0188907652472708,1.04,4.0,39600.0,4
1468,133,0.02095942202807,1.01,4.0,39900.0,4
1469,134,0.0144061987508495,0.98,4.0,40200.0,4
1470,135,0.0566715698353916,0.95,4.0,40500.0,4
1471,136,0.0201421247405135,0.92,4.0,40800.0,4
1472,137,0.1096125312965884,0.89,4.0,41100.0,4
1473,138,0.0241348191636481,0.86,4.0,41400.0,4
1474,139,0.0778327762772555,0.83,4.0,41700.0,4
1475,140,0.1152641016940191,0.8,4.0,42000.0,4
1476,141,0.0213161415058426,0.77,4.0,42300.0,4
1477,142,0.0323241221701425,0.74,4.0,42600.0,4
1478,143,0.1069792237832221,0.71,4.0,42900.0,4
1479,144,0.1375867646921333,0.68,4.0,43200.0,4
1480,145,0.0803150879995421,0.65,4.0,43500.0,4
1481,146,0.1344343949482577,0.62,4.0,43800.0,4
1482,147,0.0455982744975358,0.59,4.0,44100.0,4
1483,148,0.0138766113026535,0.56,4.0,44400.0,4
1484,149,0.0687339506730766,0.53,4.0,44700.0,4
1485,150,0.0336243510490026,0.5,4.0,45000.0,4
1486,151,0.0402018111630846,0.47,4.0,45300.0,4
1487,152,0.0510804472817894,0.44,4.0,45600.0,4
1488,153,0.1076535443727879,0.41,4.0,45900.0,4
1489,154,0.1013051191445403,0.38,4.0,46200.0,4
1490,155,0.0652966587501042,0.35,4.0,46500.0,4
1491,156,0.0916739294589455,0.32,4.0,46800.0,4
1492,157,0.1164603497284558,0.29,4.0,47100.0,4
1493,158,0.0292492590986739,0.26,4.0,47400.0,4
1494,159,0.0171274931851513,0.23,4.0,47700.0,4
1495,160,0.0899140927849342,0.2,4.0,48000.0,4
1496,161,0.2591693075281425,0.17,4.0,48300.0,4
1497,162,0.0540937300552718,0.14,4.0,48600.0,4
1498,163,0.0715232641233232,0.11,4.0,48900.0,4
1499,164,0.0570463992893321,0.08,4.0,49200.0,4
1500,165,0.0211323857670486,0.05,4.0,49500.0,4
1501,166,0.0,0.0,0.0,0.0,4
1502,167,0.0,0.0,0.0,0.0,4
1503,168,0.0,0.0,0.0,0.0,4
1504,169,0.0,0.0,0.0,0.0,4
1505,170,0.0,0.0,0.0,0.0,4
1506,171,0.0,0.0,0.0,0.0,4
1507,172,0.0,0.0,0.0,0.0,4
1508,173,0.0,0.0,0.0,0.0,4
1509,174,0.0,0.0,0.0,0.0,4
1510,175,0.0,0.0,0.0,0.0,4
1511,176,0.0,0.0,0.0,0.0,4
1512,177,0.0,0.0,0.0,0.0,4
1513,178,0.0,0.0,0.0,0.0,4
1514,179,0.0,0.0,0.0,0.0,4
1515,180,0.0,0.0,0.0,0.0,4
1516,181,0.0,0.0,0.0,0.0,4
1517,182,0.0,0.0,0.0,0.0,4
1518,183,0.0,0.0,0.0,0.0,4
1519,184,0.0,0.0,0.0,0.0,4
1520,185,0.0,0.0,0.0,0.0,4
1521,186,0.0,0.0,0.0,0.0,4
1522,187,0.0,0.0,0.0,0.0,4
1523,188,0.0,0.0,0.0,0.0,4
1524,189,0.0,0.0,0.0,0.0,4
1525,190,0.0,0.0,0.0,0.0,4
1526,191,0.0,0.0,0.0,0.0,4
1527,192,0.0,0.0,0.0,0.0,4
1528,193,0.0,0.0,0.0,0.0,4
1529,194,0.0,0.0,0.0,0.0,4
1530,195,0.0,0.0,0.0,0.0,4
1531,196,0.0,0.0,0.0,0.0,4
1532,197,0.0,0.0,0.0,0.0,4
1533,198,0.0,0.0,0.0,0.0,4
1534,199,0.0,0.0,0.0,0.0,4
1535,200,0.0,0.0,0.0,0.0,4
1536,201,0.0,0.0,0.0,0.0,4
1537,202,0.0,0.0,0.0,0.0,4
1538,203,0.0,0.0,0.0,0.0,4
1539,204,0.0,0.0,0.0,0.0,4
1540,205,0.0,0.0,0.0,0.0,4
1541,206,0.0,0.0,0.0,0.0,4
1542,207,0.0,0.0,0.0,0.0,4
1543,208,0.0,0.0,0.0,0.0,4
1544,209,0.0,0.0,0.0,0.0,4
1545,210,0.0,0.0,0.0,0.0,4
1546,211,0.0,0.0,0.0,0.0,4
1547,212,0.0,0.0,0.0,0.0,4
1548,213,0.0,0.0,0.0,0.0,4
1549,214,0.0,0.0,0.0,0.0,4
1550,215,0.0,0.0,0.0,0.0,4
1551,216,0.0,0.0,0.0,0.0,4
1552,217,0.0,0.0,0.0,0.0,4
1553,218,0.0,0.0,0.0,0.0,4
1554,219,0.0,0.0,0.0,0.0,4
1555,220,0.0,0.0,0.0,0.0,4
1556,221,0.0,0.0,0.0,0.0,4
1557,222,0.0,0.0,0.0,0.0,4
1558,223,0.0,0.0,0.0,0.0,4
1559,224,0.0,0.0,0.0,0.0,4
1560,225,0.0,0.0,0.0,0.0,4
1561,226,0.0,0.0,0.0,0.0,4
1562,227,0.0,0.0,0.0,0.0,4
1563,228,0.0,0.0,0.0,0.0,4
1564,229,0.0,0.0,0.0,0.0,4
1565,230,0.0,0.0,0.0,0.0,4
1566,231,0.0,0.0,0.0,0.0,4
1567,232,0.0,0.0,0.0,0.0,4
1568,233,0.0,0.0,0.0,0.0,4
1569,234,0.0,0.0,0.0,0.0,4
1570,235,0.0,0.0,0.0,0.0,4
1571,236,0.0,0.0,0.0,0.0,4
1572,237,0.0,0.0,0.0,0.0,4
1573,238,0.0,0.0,0.0,0.0,4
1574,239,0.0,0.0,0.0,0.0,4
1575,240,0.0,0.0,0.0,0.0,4
1576,241,0.0,0.0,0.0,0.0,4
1577,242,0.0,0.0,0.0,0.0,4
1578,243,0.0,0.0,0.0,0.0,4
1579,244,0.0,0.0,0.0,0.0,4
1580,245,0.0,0.0,0.0,0.0,4
1581,246,0.0,0.0,0.0,0.0,4
1582,247,0.0,0.0,0.0,0.0,4
1583,248,0.0,0.0,0.0,0.0,4
1584,249,0.0,0.0,0.0,0.0,4
1585,250,0.0,0.0,0.0,0.0,4
1586,251,0.0,0.0,0.0,0.0,4
1587,252,0.0,0.0,0.0,0.0,4
1588,253,0.0,0.0,0.0,0.0,4
1589,254,0.0,0.0,0.0,0.0,4
1590,255,0.0,0.0,0.0,0.0,4
1591,256,0.0,0.0,0.0,0.0,4
1592,257,0.0,0.0,0.0,0.0,4
1593,258,0.0,0.0,0.0,0.0,4
1594,259,0.0,0.0,0.0,0.0,4
1595,260,0.0,0.0,0.0,0.0,4
1596,261,0.0,0.0,0.0,0.0,4
1597,262,0.0,0.0,0.0,0.0,4
1598,263,0.0,0.0,0.0,0.0,4
1599,264,0.0,0.0,0.0,0.0,4
1600,265,0.0,0.0,0.0,0.0,4
1601,266,0.0,0.0,0.0,0.0,4
1602,0,0.0233323055402383,5.0,1.0,0.0,1
1603,1,0.0517185854426961,4.97,1.0,300.0,1
1604,2,0.0194356150083813,4.94,1.0,600.0,1
1605,3,0.023001458891948,4.91,1.0,900.0,1
1606,4,0.0255509189070297,4.88,1.0,1200.0,1
1607,5,0.0117707606284054,4.85,1.0,1500.0,1
1608,6,0.0178954508399135,4.82,1.0,1800.0,1
1609,7,0.0165396439430992,4.79,1.0,2100.0,1
1610,8,0.0205973497764689,4.76,1.0,2400.0,1
1611,9,0.0215800087667238,4.73,1.0,2700.0,1
1612,10,0.0401393364362845,4.7,1.0,3000.0,1
1613,11,0.0214204972334693,4.67,1.0,3300.0,1
1614,12,0.0185464481024264,4.64,1.0,3600.0,1
1615,13,0.0176850670116673,4.61,1.0,3900.0,1
1616,14,0.0496816731713547,4.58,1.0,4200.0,1
1617,15,0.0138219572786039,4.55,1.0,4500.0,1
1618,16,0.0304703078177668,4.52,1.0,4800.0,1
1619,17,0.0218075302371315,4.49,1.0,5100.0,1
1620,18,0.0290806522180771,4.46,1.0,5400.0,1
1621,19,0.0116918782107151,4.43,1.0,5700.0,1
1622,20,0.029083210230817,4.4,1.0,6000.0,1
1623,21,0.0271366395202485,4.37,1.0,6300.0,1
1624,22,0.0450640481848763,4.34,1.0,6600.0,1
1625,23,0.0156228952487651,4.31,1.0,6900.0,1
1626,24,0.0281147079889698,4.28,1.0,7200.0,1
1627,25,0.0269913121464452,4.25,1.0,7500.0,1
1628,26,0.0316615188238972,4.22,1.0,7800.0,1
1629,27,0.0361060453445404,4.19,1.0,8100.0,1
1630,28,0.0167208919925283,4.16,1.0,8400.0,1
1631,29,0.0294438372117383,4.13,1.0,8700.0,1
1632,30,0.0344384817158925,4.1,1.0,9000.0,1
1633,31,0.0192626816255729,4.07,1.0,9300.0,1
1634,32,0.0203238572783093,4.04,1.0,9600.0,1
1635,33,0.0298171959044864,4.01,1.0,9900.0,1
1636,34,0.0216208592641396,3.98,1.0,10200.0,1
1637,35,0.0280662303406366,3.95,1.0,10500.0,1
1638,36,0.0240033566040892,3.92,1.0,10800.0,1
1639,37,0.0373889620116855,3.89,1.0,11100.0,1
1640,38,0.0837656622978435,3.86,1.0,11400.0,1
1641,39,0.0204378147850987,3.83,1.0,11700.0,1
1642,40,0.0237595228794623,3.8,1.0,12000.0,1
1643,41,0.0171772057616933,3.77,1.0,12300.0,1
1644,42,0.0200893083100769,3.74,1.0,12600.0,1
1645,43,0.0234135689772752,3.71,1.0,12900.0,1
1646,44,0.0259024064604212,3.68,1.0,13200.0,1
1647,45,0.0279991328027599,3.65,1.0,13500.0,1
1648,46,0.0483571450848849,3.62,1.0,13800.0,1
1649,47,0.0147693594330551,3.59,1.0,14100.0,1
1650,48,0.0168281876394822,3.56,1.0,14400.0,1
1651,49,0.0241091595642057,3.53,1.0,14700.0,1
1652,50,0.0654990217810934,3.5,1.0,15000.0,1
1653,51,0.0247681050027513,3.47,1.0,15300.0,1
1654,52,0.0454638117206375,3.44,1.0,15600.0,1
1655,53,0.030405659976666,3.41,1.0,15900.0,1
1656,54,0.0325323499932352,3.38,1.0,16200.0,1
1657,55,0.0244402158362896,3.35,1.0,16500.0,1
1658,56,0.0262511522991453,3.32,1.0,16800.0,1
1659,57,0.0313445619473679,3.29,1.0,17100.0,1
1660,58,0.0669933150031844,3.26,1.0,17400.0,1
1661,59,0.0235529340218236,3.23,1.0,17700.0,1
1662,60,0.0438896415158844,3.2,1.0,18000.0,1
1663,61,0.031039302836847,3.17,1.0,18300.0,1
1664,62,0.0744262145953538,3.14,1.0,18600.0,1
1665,63,0.2505338518451026,3.11,1.0,18900.0,1
1666,64,0.0221641013693957,3.08,1.0,19200.0,1
1667,65,0.0171611258240107,3.05,1.0,19500.0,1
1668,66,0.020319933629919,3.02,1.0,19800.0,1
1669,67,0.0206408738532505,2.99,1.0,20100.0,1
1670,68,0.0234475717689022,2.96,1.0,20400.0,1
1671,69,0.0117884423432106,2.93,1.0,20700.0,1
1672,70,0.027496483282088,2.9,1.0,21000.0,1
1673,71,0.0251081283485359,2.87,1.0,21300.0,1
1674,72,0.0290285653346106,2.84,1.0,21600.0,1
1675,73,0.017643349436663,2.81,1.0,21900.0,1
1676,74,0.023071477451334,2.78,1.0,22200.0,1
1677,75,0.0207202056173318,2.75,1.0,22500.0,1
1678,76,0.0349000325088368,2.72,1.0,22800.0,1
1679,77,0.0135981358942091,2.69,1.0,23100.0,1
1680,78,0.048245290083687,2.66,1.0,23400.0,1
1681,79,0.0488104712374405,2.63,1.0,23700.0,1
1682,80,0.0129127254436195,2.6,1.0,24000.0,1
1683,81,0.0260485336985951,2.57,1.0,24300.0,1
1684,82,0.0132469041192184,2.54,1.0,24600.0,1
1685,83,0.0166759143174443,2.51,1.0,24900.0,1
1686,84,0.024492292528394,2.48,1.0,25200.0,1
1687,85,0.0250230745279433,2.45,1.0,25500.0,1
1688,86,0.0503246037162073,2.42,1.0,25800.0,1
1689,87,0.0450829591067129,2.39,1.0,26100.0,1
1690,88,0.0224900943576168,2.36,1.0,26400.0,1
1691,89,0.3384730185560526,2.33,1.0,26700.0,1
1692,90,0.0332589299528366,2.3,1.0,27000.0,1
1693,91,0.0305398782109717,2.27,1.0,27300.0,1
1694,92,0.0264597537572476,2.24,1.0,27600.0,1
1695,93,0.0232594956688462,2.21,1.0,27900.0,1
1696,94,0.0256378204937243,2.18,1.0,28200.0,1
1697,95,0.0322130169558124,2.15,1.0,28500.0,1
1698,96,0.0921592557851269,2.12,1.0,28800.0,1
1699,97,0.0796810420658571,2.09,1.0,29100.0,1
1700,98,0.0380397223445437,2.06,1.0,29400.0,1
1701,99,0.0569185866678194,2.03,1.0,29700.0,1
1702,100,0.0732796646070531,2.0,1.0,30000.0,1
1703,101,0.0287180281680125,1.97,1.0,30300.0,1
1704,102,0.0806958225638812,1.94,1.0,30600.0,1
1705,103,0.0410078293106422,1.91,1.0,30900.0,1
1706,104,0.0321015577566057,1.88,1.0,31200.0,1
1707,105,0.0311535630212297,1.85,1.0,31500.0,1
1708,106,0.0201071855320507,1.82,1.0,31800.0,1
1709,107,0.0248758332755255,1.79,1.0,32100.0,1
1710,108,0.0209044938633773,1.76,1.0,32400.0,1
1711,109,0.0507378699110119,1.73,1.0,32700.0,1
1712,110,0.0184412796440237,1.7,1.0,33000.0,1
1713,111,0.0250855168781847,1.67,1.0,33300.0,1
1714,112,0.0440593876019056,1.64,1.0,33600.0,1
1715,113,0.0347529750458533,1.61,1.0,33900.0,1
1716,114,0.0518619929810688,1.58,1.0,34200.0,1
1717,115,0.0388833109188506,1.55,1.0,34500.0,1
1718,116,0.0180817066859171,1.52,1.0,34800.0,1
1719,117,0.0224586541575293,1.49,1.0,35100.0,1
1720,118,0.0247069375764432,1.46,1.0,35400.0,1
1721,119,0.019252257037656,1.43,1.0,35700.0,1
1722,120,0.0301696320362645,1.4,1.0,36000.0,1
1723,121,0.0556640955812351,1.37,1.0,36300.0,1
1724,122,0.0194124965675332,1.34,1.0,36600.0,1
1725,123,0.0105484509773642,1.31,1.0,36900.0,1
1726,124,0.078053312903005,1.28,1.0,37200.0,1
1727,125,0.0610862266389885,1.25,1.0,37500.0,1
1728,126,0.0376135601788052,1.22,1.0,37800.0,1
1729,127,0.0169347787514741,1.19,1.0,38100.0,1
1730,128,0.0436050491506182,1.16,1.0,38400.0,1
1731,129,0.0590385467094318,1.13,1.0,38700.0,1
1732,130,0.0412475425744026,1.1,1.0,39000.0,1
1733,131,0.1628207347183353,1.07,1.0,39300.0,1
1734,132,0.0310527583221745,1.04,1.0,39600.0,1
1735,133,0.0384257428146234,1.01,1.0,39900.0,1
1736,134,0.0290587057735546,0.98,1.0,40200.0,1
1737,135,0.4998873670829323,0.95,1.0,40500.0,1
1738,136,0.1409671977719362,0.92,1.0,40800.0,1
1739,137,0.0834401669776498,0.89,1.0,41100.0,1
1740,138,0.0529792526903173,0.86,1.0,41400.0,1
1741,139,0.0310428055303795,0.83,1.0,41700.0,1
1742,140,0.0472579227897622,0.8,1.0,42000.0,1
1743,141,0.0276285060540932,0.77,1.0,42300.0,1
1744,142,0.0402534757580453,0.74,1.0,42600.0,1
1745,143,0.0301455884121537,0.71,1.0,42900.0,1
1746,144,0.0206931159037619,0.68,1.0,43200.0,1
1747,145,0.0285917982479373,0.65,1.0,43500.0,1
1748,146,0.009979983243589,0.62,1.0,43800.0,1
1749,147,0.0383773866562829,0.59,1.0,44100.0,1
1750,148,0.1376654193229214,0.56,1.0,44400.0,1
1751,149,0.0324068917954489,0.53,1.0,44700.0,1
1752,150,0.0220433682595641,0.5,1.0,45000.0,1
1753,151,0.0524096217764344,0.47,1.0,45300.0,1
1754,152,0.0231324783238261,0.44,1.0,45600.0,1
1755,153,0.0645525703501933,0.41,1.0,45900.0,1
1756,154,0.071825788496173,0.38,1.0,46200.0,1
1757,155,0.1346045881425432,0.35,1.0,46500.0,1
1758,156,0.0465562271322289,0.32,1.0,46800.0,1
1759,157,0.2273939840688662,0.29,1.0,47100.0,1
1760,158,0.0552713170509142,0.26,1.0,47400.0,1
1761,159,0.0296065339847588,0.23,1.0,47700.0,1
1762,160,0.0176286743662197,0.2,1.0,48000.0,1
1763,161,0.1543014428180232,0.17,1.0,48300.0,1
1764,162,0.0562983777386468,0.14,1.0,48600.0,1
1765,163,0.0286033339235756,0.11,1.0,48900.0,1
1766,164,0.0551441879609777,0.08,1.0,49200.0,1
1767,165,0.0466223298516303,0.05,1.0,49500.0,1
1768,166,0.0261797713293608,0.02,1.0,49800.0,1
1769,167,0.0,0.0,0.0,0.0,1
1770,168,0.0,0.0,0.0,0.0,1
1771,169,0.0,0.0,0.0,0.0,1
1772,170,0.0,0.0,0.0,0.0,1
1773,171,0.0,0.0,0.0,0.0,1
1774,172,0.0,0.0,0.0,0.0,1
1775,173,0.0,0.0,0.0,0.0,1
1776,174,0.0,0.0,0.0,0.0,1
1777,175,0.0,0.0,0.0,0.0,1
1778,176,0.0,0.0,0.0,0.0,1
1779,177,0.0,0.0,0.0,0.0,1
1780,178,0.0,0.0,0.0,0.0,1
1781,179,0.0,0.0,0.0,0.0,1
1782,180,0.0,0.0,0.0,0.0,1
1783,181,0.0,0.0,0.0,0.0,1
1784,182,0.0,0.0,0.0,0.0,1
1785,183,0.0,0.0,0.0,0.0,1
1786,184,0.0,0.0,0.0,0.0,1
1787,185,0.0,0.0,0.0,0.0,1
1788,186,0.0,0.0,0.0,0.0,1
1789,187,0.0,0.0,0.0,0.0,1
1790,188,0.0,0.0,0.0,0.0,1
1791,189,0.0,0.0,0.0,0.0,1
1792,190,0.0,0.0,0.0,0.0,1
1793,191,0.0,0.0,0.0,0.0,1
1794,192,0.0,0.0,0.0,0.0,1
1795,193,0.0,0.0,0.0,0.0,1
1796,194,0.0,0.0,0.0,0.0,1
1797,195,0.0,0.0,0.0,0.0,1
1798,196,0.0,0.0,0.0,0.0,1
1799,197,0.0,0.0,0.0,0.0,1
1800,198,0.0,0.0,0.0,0.0,1
1801,199,0.0,0.0,0.0,0.0,1
1802,200,0.0,0.0,0.0,0.0,1
1803,201,0.0,0.0,0.0,0.0,1
1804,202,0.0,0.0,0.0,0.0,1
1805,203,0.0,0.0,0.0,0.0,1
1806,204,0.0,0.0,0.0,0.0,1
1807,205,0.0,0.0,0.0,0.0,1
1808,206,0.0,0.0,0.0,0.0,1
1809,207,0.0,0.0,0.0,0.0,1
1810,208,0.0,0.0,0.0,0.0,1
1811,209,0.0,0.0,0.0,0.0,1
1812,210,0.0,0.0,0.0,0.0,1
1813,211,0.0,0.0,0.0,0.0,1
1814,212,0.0,0.0,0.0,0.0,1
1815,213,0.0,0.0,0.0,0.0,1
1816,214,0.0,0.0,0.0,0.0,1
1817,215,0.0,0.0,0.0,0.0,1
1818,216,0.0,0.0,0.0,0.0,1
1819,217,0.0,0.0,0.0,0.0,1
1820,218,0.0,0.0,0.0,0.0,1
1821,219,0.0,0.0,0.0,0.0,1
1822,220,0.0,0.0,0.0,0.0,1
1823,221,0.0,0.0,0.0,0.0,1
1824,222,0.0,0.0,0.0,0.0,1
1825,223,0.0,0.0,0.0,0.0,1
1826,224,0.0,0.0,0.0,0.0,1
1827,225,0.0,0.0,0.0,0.0,1
1828,226,0.0,0.0,0.0,0.0,1
1829,227,0.0,0.0,0.0,0.0,1
1830,228,0.0,0.0,0.0,0.0,1
1831,229,0.0,0.0,0.0,0.0,1
1832,230,0.0,0.0,0.0,0.0,1
1833,231,0.0,0.0,0.0,0.0,1
1834,232,0.0,0.0,0.0,0.0,1
1835,233,0.0,0.0,0.0,0.0,1
1836,234,0.0,0.0,0.0,0.0,1
1837,235,0.0,0.0,0.0,0.0,1
1838,236,0.0,0.0,0.0,0.0,1
1839,237,0.0,0.0,0.0,0.0,1
1840,238,0.0,0.0,0.0,0.0,1
1841,239,0.0,0.0,0.0,0.0,1
1842,240,0.0,0.0,0.0,0.0,1
1843,241,0.0,0.0,0.0,0.0,1
1844,242,0.0,0.0,0.0,0.0,1
1845,243,0.0,0.0,0.0,0.0,1
1846,244,0.0,0.0,0.0,0.0,1
1847,245,0.0,0.0,0.0,0.0,1
1848,246,0.0,0.0,0.0,0.0,1
1849,247,0.0,0.0,0.0,0.0,1
1850,248,0.0,0.0,0.0,0.0,1
1851,249,0.0,0.0,0.0,0.0,1
1852,250,0.0,0.0,0.0,0.0,1
1853,251,0.0,0.0,0.0,0.0,1
1854,252,0.0,0.0,0.0,0.0,1
1855,253,0.0,0.0,0.0,0.0,1
1856,254,0.0,0.0,0.0,0.0,1
1857,255,0.0,0.0,0.0,0.0,1
1858,256,0.0,0.0,0.0,0.0,1
1859,257,0.0,0.0,0.0,0.0,1
1860,258,0.0,0.0,0.0,0.0,1
1861,259,0.0,0.0,0.0,0.0,1
1862,260,0.0,0.0,0.0,0.0,1
1863,261,0.0,0.0,0.0,0.0,1
1864,262,0.0,0.0,0.0,0.0,1
1865,263,0.0,0.0,0.0,0.0,1
1866,264,0.0,0.0,0.0,0.0,1
1867,265,0.0,0.0,0.0,0.0,1
1868,266,0.0,0.0,0.0,0.0,1
1869,0,0.0213978202175827,5.0,8.0,0.0,8
1870,1,0.1226829984702077,4.97,8.0,300.0,8
1871,2,0.0151663168650772,4.94,8.0,600.0,8
1872,3,0.0276662183369188,4.91,8.0,900.0,8
1873,4,0.0153322270715436,4.88,8.0,1200.0,8
1874,5,0.0250097949588625,4.85,8.0,1500.0,8
1875,6,0.023821932947595,4.82,8.0,1800.0,8
1876,7,0.0145116824224551,4.79,8.0,2100.0,8
1877,8,0.021398115365468,4.76,8.0,2400.0,8
1878,9,0.0167022039942671,4.73,8.0,2700.0,8
1879,10,0.0135857194985684,4.7,8.0,3000.0,8
1880,11,0.0299332976758825,4.67,8.0,3300.0,8
1881,12,0.0168973950037261,4.64,8.0,3600.0,8
1882,13,0.0295537728203644,4.61,8.0,3900.0,8
1883,14,0.0154958325044872,4.58,8.0,4200.0,8
1884,15,0.0148833264863221,4.55,8.0,4500.0,8
1885,16,0.0169089868400346,4.52,8.0,4800.0,8
1886,17,0.0607155333767335,4.49,8.0,5100.0,8
1887,18,0.0184240170501756,4.46,8.0,5400.0,8
1888,19,0.0396568999321218,4.43,8.0,5700.0,8
1889,20,0.034105664455909,4.4,8.0,6000.0,8
1890,21,0.022994969543853,4.37,8.0,6300.0,8
1891,22,0.0190219013886568,4.34,8.0,6600.0,8
1892,23,0.0194531889313158,4.31,8.0,6900.0,8
1893,24,0.0251358618770093,4.28,8.0,7200.0,8
1894,25,0.0387056532063718,4.25,8.0,7500.0,8
1895,26,0.0260070165071274,4.22,8.0,7800.0,8
1896,27,0.0634541118407689,4.19,8.0,8100.0,8
1897,28,0.0129711858427083,4.16,8.0,8400.0,8
1898,29,0.0169880692778959,4.13,8.0,8700.0,8
1899,30,0.0350260054170426,4.1,8.0,9000.0,8
1900,31,0.0172371113424856,4.07,8.0,9300.0,8
1901,32,0.0729929852343232,4.04,8.0,9600.0,8
1902,33,0.0244064096646222,4.01,8.0,9900.0,8
1903,34,0.0247216632932092,3.98,8.0,10200.0,8
1904,35,0.0275387743545176,3.95,8.0,10500.0,8
1905,36,0.0618096256630141,3.92,8.0,10800.0,8
1906,37,0.0264082853772747,3.89,8.0,11100.0,8
1907,38,0.0276765311045579,3.86,8.0,11400.0,8
1908,39,0.0148106051589703,3.83,8.0,11700.0,8
1909,40,0.0158853022424763,3.8,8.0,12000.0,8
1910,41,0.0101677579273866,3.77,8.0,12300.0,8
1911,42,0.0198669238185329,3.74,8.0,12600.0,8
1912,43,0.0660574727291903,3.71,8.0,12900.0,8
1913,44,0.0185232008661707,3.68,8.0,13200.0,8
1914,45,0.0177809823953622,3.65,8.0,13500.0,8
1915,46,0.0205231288031166,3.62,8.0,13800.0,8
1916,47,0.0339687598104648,3.59,8.0,14100.0,8
1917,48,0.0207238169036499,3.56,8.0,14400.0,8
1918,49,0.0232365845632815,3.53,8.0,14700.0,8
1919,50,0.0170881572454443,3.5,8.0,15000.0,8
1920,51,0.02414727872464,3.47,8.0,15300.0,8
1921,52,0.0372872150437083,3.44,8.0,15600.0,8
1922,53,0.0374939415107187,3.41,8.0,15900.0,8
1923,54,0.0568471097597813,3.38,8.0,16200.0,8
1924,55,0.0294662325952908,3.35,8.0,16500.0,8
1925,56,0.0290275060469027,3.32,8.0,16800.0,8
1926,57,0.0112601655504699,3.29,8.0,17100.0,8
1927,58,0.0132289627794123,3.26,8.0,17400.0,8
1928,59,0.0207244252161886,3.23,8.0,17700.0,8
1929,60,0.0267964153137375,3.2,8.0,18000.0,8
1930,61,0.0287316638940389,3.17,8.0,18300.0,8
1931,62,0.0187805532112606,3.14,8.0,18600.0,8
1932,63,0.0156835806161298,3.11,8.0,18900.0,8
1933,64,0.0609311421982971,3.08,8.0,19200.0,8
1934,65,0.012199949326287,3.05,8.0,19500.0,8
1935,66,0.0700795668130165,3.02,8.0,19800.0,8
1936,67,0.0205014650107316,2.99,8.0,20100.0,8
1937,68,0.0176373665765413,2.96,8.0,20400.0,8
1938,69,0.0406184537785632,2.93,8.0,20700.0,8
1939,70,0.0311563340607404,2.9,8.0,21000.0,8
1940,71,0.0259003208435622,2.87,8.0,21300.0,8
1941,72,0.0294519280759231,2.84,8.0,21600.0,8
1942,73,0.0339975611225089,2.81,8.0,21900.0,8
1943,74,0.0192806420882016,2.78,8.0,22200.0,8
1944,75,0.0389941802736352,2.75,8.0,22500.0,8
1945,76,0.0250181244905521,2.72,8.0,22800.0,8
1946,77,0.0149647676941644,2.69,8.0,23100.0,8
1947,78,0.0487559749057888,2.66,8.0,23400.0,8
1948,79,0.0440586506086265,2.63,8.0,23700.0,8
1949,80,0.0161572386539349,2.6,8.0,24000.0,8
1950,81,0.0141065216345932,2.57,8.0,24300.0,8
1951,82,0.0182428672381669,2.54,8.0,24600.0,8
1952,83,0.0241117324032315,2.51,8.0,24900.0,8
1953,84,0.0248001944100786,2.48,8.0,25200.0,8
1954,85,0.0247857347531653,2.45,8.0,25500.0,8
1955,86,0.0277670771857098,2.42,8.0,25800.0,8
1956,87,0.0356541858362657,2.39,8.0,26100.0,8
1957,88,0.018356992079624,2.36,8.0,26400.0,8
1958,89,0.0246855152290443,2.33,8.0,26700.0,8
1959,90,0.0196475170411313,2.3,8.0,27000.0,8
1960,91,0.2202448646897992,2.27,8.0,27300.0,8
1961,92,0.0448682730620109,2.24,8.0,27600.0,8
1962,93,0.011015028961043,2.21,8.0,27900.0,8
1963,94,0.0414018928445158,2.18,8.0,28200.0,8
1964,95,0.0293576765131411,2.15,8.0,28500.0,8
1965,96,0.0149858469735326,2.12,8.0,28800.0,8
1966,97,0.0366715234666799,2.09,8.0,29100.0,8
1967,98,0.0409600304497602,2.06,8.0,29400.0,8
1968,99,0.0219879565847651,2.03,8.0,29700.0,8
1969,100,0.018011063003049,2.0,8.0,30000.0,8
1970,101,0.0209201639198995,1.97,8.0,30300.0,8
1971,102,0.039662024383853,1.94,8.0,30600.0,8
1972,103,0.0120760813175958,1.91,8.0,30900.0,8
1973,104,0.021342467289587,1.88,8.0,31200.0,8
1974,105,0.0335907173966786,1.85,8.0,31500.0,8
1975,106,0.0796638421011952,1.82,8.0,31800.0,8
1976,107,0.0297644663660214,1.79,8.0,32100.0,8
1977,108,0.0518200035982701,1.76,8.0,32400.0,8
1978,109,0.0395526871833648,1.73,8.0,32700.0,8
1979,110,0.0395055962310151,1.7,8.0,33000.0,8
1980,111,0.0472246447723037,1.67,8.0,33300.0,8
1981,112,0.0316881284259386,1.64,8.0,33600.0,8
1982,113,0.0412385849957401,1.61,8.0,33900.0,8
1983,114,0.0744533502343076,1.58,8.0,34200.0,8
1984,115,0.0283352843704192,1.55,8.0,34500.0,8
1985,116,0.0159022243053364,1.52,8.0,34800.0,8
1986,117,0.0202071635256611,1.49,8.0,35100.0,8
1987,118,0.0187788945386401,1.46,8.0,35400.0,8
1988,119,0.0156495332348761,1.43,8.0,35700.0,8
1989,120,0.0342340796456868,1.4,8.0,36000.0,8
1990,121,0.0220453442312868,1.37,8.0,36300.0,8
1991,122,0.05273649435033,1.34,8.0,36600.0,8
1992,123,0.0306642991158983,1.31,8.0,36900.0,8
1993,124,0.0151624353096102,1.28,8.0,37200.0,8
1994,125,0.0168276256279033,1.25,8.0,37500.0,8
1995,126,0.0696833809464635,1.22,8.0,37800.0,8
1996,127,0.0411351837828197,1.19,8.0,38100.0,8
1997,128,0.0433352712258502,1.16,8.0,38400.0,8
1998,129,0.0928074721116789,1.13,8.0,38700.0,8
1999,130,0.0356825385862588,1.1,8.0,39000.0,8
2000,131,0.0310743999557567,1.07,8.0,39300.0,8
2001,132,0.1316333999370287,1.04,8.0,39600.0,8
2002,133,0.0348691257261648,1.01,8.0,39900.0,8
2003,134,0.018354738559685,0.98,8.0,40200.0,8
2004,135,0.0413785606476683,0.95,8.0,40500.0,8
2005,136,0.0443625643215719,0.92,8.0,40800.0,8
2006,137,0.0541967134723127,0.89,8.0,41100.0,8
2007,138,0.0303011241550185,0.86,8.0,41400.0,8
2008,139,0.0514529141076735,0.83,8.0,41700.0,8
2009,140,0.026030153301215,0.8,8.0,42000.0,8
2010,141,0.0341522425168863,0.77,8.0,42300.0,8
2011,142,0.0247900183417454,0.74,8.0,42600.0,8
2012,143,0.025651130195516,0.71,8.0,42900.0,8
2013,144,0.0310588004946824,0.68,8.0,43200.0,8
2014,145,0.018377517856041,0.65,8.0,43500.0,8
2015,146,0.0334828764238374,0.62,8.0,43800.0,8
2016,147,0.0296790048958822,0.59,8.0,44100.0,8
2017,148,0.1250681386443,0.56,8.0,44400.0,8
2018,149,0.036521728661454,0.53,8.0,44700.0,8
2019,150,0.0277481370435762,0.5,8.0,45000.0,8
2020,151,0.0273138649080771,0.47,8.0,45300.0,8
2021,152,0.0093661974680437,0.44,8.0,45600.0,8
2022,153,0.0563137472471752,0.41,8.0,45900.0,8
2023,154,0.0192628210870053,0.38,8.0,46200.0,8
2024,155,0.0158503638998256,0.35,8.0,46500.0,8
2025,156,0.0259164516781303,0.32,8.0,46800.0,8
2026,157,0.0623456577779558,0.29,8.0,47100.0,8
2027,158,0.0877141049455461,0.26,8.0,47400.0,8
2028,159,0.0634127495448287,0.23,8.0,47700.0,8
2029,160,0.0338564644290875,0.2,8.0,48000.0,8
2030,161,0.0607074634770209,0.17,8.0,48300.0,8
2031,162,0.0519848971510318,0.14,8.0,48600.0,8
2032,163,0.013001681187276,0.11,8.0,48900.0,8
2033,164,0.0274520513966672,0.08,8.0,49200.0,8
2034,165,0.0490633347751613,0.05,8.0,49500.0,8
2035,166,0.022509606266027,0.02,8.0,49800.0,8
2036,167,0.0,0.0,0.0,0.0,8
2037,168,0.0,0.0,0.0,0.0,8
2038,169,0.0,0.0,0.0,0.0,8
2039,170,0.0,0.0,0.0,0.0,8
2040,171,0.0,0.0,0.0,0.0,8
2041,172,0.0,0.0,0.0,0.0,8
2042,173,0.0,0.0,0.0,0.0,8
2043,174,0.0,0.0,0.0,0.0,8
2044,175,0.0,0.0,0.0,0.0,8
2045,176,0.0,0.0,0.0,0.0,8
2046,177,0.0,0.0,0.0,0.0,8
2047,178,0.0,0.0,0.0,0.0,8
2048,179,0.0,0.0,0.0,0.0,8
2049,180,0.0,0.0,0.0,0.0,8
2050,181,0.0,0.0,0.0,0.0,8
2051,182,0.0,0.0,0.0,0.0,8
2052,183,0.0,0.0,0.0,0.0,8
2053,184,0.0,0.0,0.0,0.0,8
2054,185,0.0,0.0,0.0,0.0,8
2055,186,0.0,0.0,0.0,0.0,8
2056,187,0.0,0.0,0.0,0.0,8
2057,188,0.0,0.0,0.0,0.0,8
2058,189,0.0,0.0,0.0,0.0,8
2059,190,0.0,0.0,0.0,0.0,8
2060,191,0.0,0.0,0.0,0.0,8
2061,192,0.0,0.0,0.0,0.0,8
2062,193,0.0,0.0,0.0,0.0,8
2063,194,0.0,0.0,0.0,0.0,8
2064,195,0.0,0.0,0.0,0.0,8
2065,196,0.0,0.0,0.0,0.0,8
2066,197,0.0,0.0,0.0,0.0,8
2067,198,0.0,0.0,0.0,0.0,8
2068,199,0.0,0.0,0.0,0.0,8
2069,200,0.0,0.0,0.0,0.0,8
2070,201,0.0,0.0,0.0,0.0,8
2071,202,0.0,0.0,0.0,0.0,8
2072,203,0.0,0.0,0.0,0.0,8
2073,204,0.0,0.0,0.0,0.0,8
2074,205,0.0,0.0,0.0,0.0,8
2075,206,0.0,0.0,0.0,0.0,8
2076,207,0.0,0.0,0.0,0.0,8
2077,208,0.0,0.0,0.0,0.0,8
2078,209,0.0,0.0,0.0,0.0,8
2079,210,0.0,0.0,0.0,0.0,8
2080,211,0.0,0.0,0.0,0.0,8
2081,212,0.0,0.0,0.0,0.0,8
2082,213,0.0,0.0,0.0,0.0,8
2083,214,0.0,0.0,0.0,0.0,8
2084,215,0.0,0.0,0.0,0.0,8
2085,216,0.0,0.0,0.0,0.0,8
2086,217,0.0,0.0,0.0,0.0,8
2087,218,0.0,0.0,0.0,0.0,8
2088,219,0.0,0.0,0.0,0.0,8
2089,220,0.0,0.0,0.0,0.0,8
2090,221,0.0,0.0,0.0,0.0,8
2091,222,0.0,0.0,0.0,0.0,8
2092,223,0.0,0.0,0.0,0.0,8
2093,224,0.0,0.0,0.0,0.0,8
2094,225,0.0,0.0,0.0,0.0,8
2095,226,0.0,0.0,0.0,0.0,8
2096,227,0.0,0.0,0.0,0.0,8
2097,228,0.0,0.0,0.0,0.0,8
2098,229,0.0,0.0,0.0,0.0,8
2099,230,0.0,0.0,0.0,0.0,8
2100,231,0.0,0.0,0.0,0.0,8
2101,232,0.0,0.0,0.0,0.0,8
2102,233,0.0,0.0,0.0,0.0,8
2103,234,0.0,0.0,0.0,0.0,8
2104,235,0.0,0.0,0.0,0.0,8
2105,236,0.0,0.0,0.0,0.0,8
2106,237,0.0,0.0,0.0,0.0,8
2107,238,0.0,0.0,0.0,0.0,8
2108,239,0.0,0.0,0.0,0.0,8
2109,240,0.0,0.0,0.0,0.0,8
2110,241,0.0,0.0,0.0,0.0,8
2111,242,0.0,0.0,0.0,0.0,8
2112,243,0.0,0.0,0.0,0.0,8
2113,244,0.0,0.0,0.0,0.0,8
2114,245,0.0,0.0,0.0,0.0,8
2115,246,0.0,0.0,0.0,0.0,8
2116,247,0.0,0.0,0.0,0.0,8
2117,248,0.0,0.0,0.0,0.0,8
2118,249,0.0,0.0,0.0,0.0,8
2119,250,0.0,0.0,0.0,0.0,8
2120,251,0.0,0.0,0.0,0.0,8
2121,252,0.0,0.0,0.0,0.0,8
2122,253,0.0,0.0,0.0,0.0,8
2123,254,0.0,0.0,0.0,0.0,8
2124,255,0.0,0.0,0.0,0.0,8
2125,256,0.0,0.0,0.0,0.0,8
2126,257,0.0,0.0,0.0,0.0,8
2127,258,0.0,0.0,0.0,0.0,8
2128,259,0.0,0.0,0.0,0.0,8
2129,260,0.0,0.0,0.0,0.0,8
2130,261,0.0,0.0,0.0,0.0,8
2131,262,0.0,0.0,0.0,0.0,8
2132,263,0.0,0.0,0.0,0.0,8
2133,264,0.0,0.0,0.0,0.0,8
2134,265,0.0,0.0,0.0,0.0,8
2135,266,0.0,0.0,0.0,0.0,8
2136,0,0.0263292487607858,5.0,5.0,0.0,5
2137,1,0.1191980385162758,4.97,5.0,300.0,5
2138,2,0.0292963755264982,4.94,5.0,600.0,5
2139,3,0.0448852065625479,4.91,5.0,900.0,5
2140,4,0.0290965148935454,4.88,5.0,1200.0,5
2141,5,0.0292226676193326,4.85,5.0,1500.0,5
2142,6,0.0087638792869365,4.82,5.0,1800.0,5
2143,7,0.0172766901640166,4.79,5.0,2100.0,5
2144,8,0.0272496749523503,4.76,5.0,2400.0,5
2145,9,0.0230104593929882,4.73,5.0,2700.0,5
2146,10,0.0098228101309122,4.7,5.0,3000.0,5
2147,11,0.0220687804671746,4.67,5.0,3300.0,5
2148,12,0.0236374063223555,4.64,5.0,3600.0,5
2149,13,0.0254105770817501,4.61,5.0,3900.0,5
2150,14,0.0126698793049382,4.58,5.0,4200.0,5
2151,15,0.0305926457171014,4.55,5.0,4500.0,5
2152,16,0.029167385724243,4.52,5.0,4800.0,5
2153,17,0.0262352838869612,4.49,5.0,5100.0,5
2154,18,0.0151958731855504,4.46,5.0,5400.0,5
2155,19,0.0154386919858271,4.43,5.0,5700.0,5
2156,20,0.0130439145223251,4.4,5.0,6000.0,5
2157,21,0.0322109774971396,4.37,5.0,6300.0,5
2158,22,0.0287095593569485,4.34,5.0,6600.0,5
2159,23,0.0194736276724459,4.31,5.0,6900.0,5
2160,24,0.0144281175811641,4.28,5.0,7200.0,5
2161,25,0.015412780834968,4.25,5.0,7500.0,5
2162,26,0.0362238988901991,4.22,5.0,7800.0,5
2163,27,0.0536822342784389,4.19,5.0,8100.0,5
2164,28,0.0213495548517189,4.16,5.0,8400.0,5
2165,29,0.0278025166095593,4.13,5.0,8700.0,5
2166,30,0.0243626370119424,4.1,5.0,9000.0,5
2167,31,0.0173871478302227,4.07,5.0,9300.0,5
2168,32,0.0270220117769422,4.04,5.0,9600.0,5
2169,33,0.0199042764289155,4.01,5.0,9900.0,5
2170,34,0.021194113761886,3.98,5.0,10200.0,5
2171,35,0.0340345701756626,3.95,5.0,10500.0,5
2172,36,0.0211503296995411,3.92,5.0,10800.0,5
2173,37,0.0520411752707654,3.89,5.0,11100.0,5
2174,38,0.0358831966671831,3.86,5.0,11400.0,5
2175,39,0.0317413971110915,3.83,5.0,11700.0,5
2176,40,0.0344003668047322,3.8,5.0,12000.0,5
2177,41,0.0353995359775827,3.77,5.0,12300.0,5
2178,42,0.0208824065443198,3.74,5.0,12600.0,5
2179,43,0.014148105811142,3.71,5.0,12900.0,5
2180,44,0.0353837628230204,3.68,5.0,13200.0,5
2181,45,0.0391727568720016,3.65,5.0,13500.0,5
2182,46,0.0360764612809051,3.62,5.0,13800.0,5
2183,47,0.0121757742481143,3.59,5.0,14100.0,5
2184,48,0.0123543992572809,3.56,5.0,14400.0,5
2185,49,0.065864430794507,3.53,5.0,14700.0,5
2186,50,0.0367908380747865,3.5,5.0,15000.0,5
2187,51,0.0284192665513731,3.47,5.0,15300.0,5
2188,52,0.030253372840084,3.44,5.0,15600.0,5
2189,53,0.0149576524012348,3.41,5.0,15900.0,5
2190,54,0.0479661754449887,3.38,5.0,16200.0,5
2191,55,0.0202115453215219,3.35,5.0,16500.0,5
2192,56,0.0372444720998165,3.32,5.0,16800.0,5
2193,57,0.0315201499905902,3.29,5.0,17100.0,5
2194,58,0.0150777475475098,3.26,5.0,17400.0,5
2195,59,0.0140228329989367,3.23,5.0,17700.0,5
2196,60,0.022439133411443,3.2,5.0,18000.0,5
2197,61,0.0197325372710313,3.17,5.0,18300.0,5
2198,62,0.0190609807226675,3.14,5.0,18600.0,5
2199,63,0.0193172479699431,3.11,5.0,18900.0,5
2200,64,0.0420278878543819,3.08,5.0,19200.0,5
2201,65,0.0213320255638004,3.05,5.0,19500.0,5
2202,66,0.0762821569999124,3.02,5.0,19800.0,5
2203,67,0.020338537949835,2.99,5.0,20100.0,5
2204,68,0.016420115394151,2.96,5.0,20400.0,5
2205,69,0.0182081034992173,2.93,5.0,20700.0,5
2206,70,0.0187382659247068,2.9,5.0,21000.0,5
2207,71,0.0170908537861465,2.87,5.0,21300.0,5
2208,72,0.0162357282785164,2.84,5.0,21600.0,5
2209,73,0.0316936749775798,2.81,5.0,21900.0,5
2210,74,0.0194526837626101,2.78,5.0,22200.0,5
2211,75,0.0276266031411049,2.75,5.0,22500.0,5
2212,76,0.0327524203887142,2.72,5.0,22800.0,5
2213,77,0.0270139845551905,2.69,5.0,23100.0,5
2214,78,0.0251414207601149,2.66,5.0,23400.0,5
2215,79,0.0709958518482442,2.63,5.0,23700.0,5
2216,80,0.0640223785947231,2.6,5.0,24000.0,5
2217,81,0.0391523819449598,2.57,5.0,24300.0,5
2218,82,0.0200973592113175,2.54,5.0,24600.0,5
2219,83,0.0303255897316663,2.51,5.0,24900.0,5
2220,84,0.0,0.0,0.0,0.0,5
2221,85,0.0,0.0,0.0,0.0,5
2222,86,0.0,0.0,0.0,0.0,5
2223,87,0.0,0.0,0.0,0.0,5
2224,88,0.0,0.0,0.0,0.0,5
2225,89,0.0,0.0,0.0,0.0,5
2226,90,0.0,0.0,0.0,0.0,5
2227,91,0.0,0.0,0.0,0.0,5
2228,92,0.0,0.0,0.0,0.0,5
2229,93,0.0,0.0,0.0,0.0,5
2230,94,0.0,0.0,0.0,0.0,5
2231,95,0.0,0.0,0.0,0.0,5
2232,96,0.0,0.0,0.0,0.0,5
2233,97,0.0,0.0,0.0,0.0,5
2234,98,0.0,0.0,0.0,0.0,5
2235,99,0.0,0.0,0.0,0.0,5
2236,100,0.0,0.0,0.0,0.0,5
2237,101,0.0,0.0,0.0,0.0,5
2238,102,0.0,0.0,0.0,0.0,5
2239,103,0.0,0.0,0.0,0.0,5
2240,104,0.0,0.0,0.0,0.0,5
2241,105,0.0,0.0,0.0,0.0,5
2242,106,0.0,0.0,0.0,0.0,5
2243,107,0.0,0.0,0.0,0.0,5
2244,108,0.0,0.0,0.0,0.0,5
2245,109,0.0,0.0,0.0,0.0,5
2246,110,0.0,0.0,0.0,0.0,5
2247,111,0.0,0.0,0.0,0.0,5
2248,112,0.0,0.0,0.0,0.0,5
2249,113,0.0,0.0,0.0,0.0,5
2250,114,0.0,0.0,0.0,0.0,5
2251,115,0.0,0.0,0.0,0.0,5
2252,116,0.0,0.0,0.0,0.0,5
2253,117,0.0,0.0,0.0,0.0,5
2254,118,0.0,0.0,0.0,0.0,5
2255,119,0.0,0.0,0.0,0.0,5
2256,120,0.0,0.0,0.0,0.0,5
2257,121,0.0,0.0,0.0,0.0,5
2258,122,0.0,0.0,0.0,0.0,5
2259,123,0.0,0.0,0.0,0.0,5
2260,124,0.0,0.0,0.0,0.0,5
2261,125,0.0,0.0,0.0,0.0,5
2262,126,0.0,0.0,0.0,0.0,5
2263,127,0.0,0.0,0.0,0.0,5
2264,128,0.0,0.0,0.0,0.0,5
2265,129,0.0,0.0,0.0,0.0,5
2266,130,0.0,0.0,0.0,0.0,5
2267,131,0.0,0.0,0.0,0.0,5
2268,132,0.0,0.0,0.0,0.0,5
2269,133,0.0,0.0,0.0,0.0,5
2270,134,0.0,0.0,0.0,0.0,5
2271,135,0.0,0.0,0.0,0.0,5
2272,136,0.0,0.0,0.0,0.0,5
2273,137,0.0,0.0,0.0,0.0,5
2274,138,0.0,0.0,0.0,0.0,5
2275,139,0.0,0.0,0.0,0.0,5
2276,140,0.0,0.0,0.0,0.0,5
2277,141,0.0,0.0,0.0,0.0,5
2278,142,0.0,0.0,0.0,0.0,5
2279,143,0.0,0.0,0.0,0.0,5
2280,144,0.0,0.0,0.0,0.0,5
2281,145,0.0,0.0,0.0,0.0,5
2282,146,0.0,0.0,0.0,0.0,5
2283,147,0.0,0.0,0.0,0.0,5
2284,148,0.0,0.0,0.0,0.0,5
2285,149,0.0,0.0,0.0,0.0,5
2286,150,0.0,0.0,0.0,0.0,5
2287,151,0.0,0.0,0.0,0.0,5
2288,152,0.0,0.0,0.0,0.0,5
2289,153,0.0,0.0,0.0,0.0,5
2290,154,0.0,0.0,0.0,0.0,5
2291,155,0.0,0.0,0.0,0.0,5
2292,156,0.0,0.0,0.0,0.0,5
2293,157,0.0,0.0,0.0,0.0,5
2294,158,0.0,0.0,0.0,0.0,5
2295,159,0.0,0.0,0.0,0.0,5
2296,160,0.0,0.0,0.0,0.0,5
2297,161,0.0,0.0,0.0,0.0,5
2298,162,0.0,0.0,0.0,0.0,5
2299,163,0.0,0.0,0.0,0.0,5
2300,164,0.0,0.0,0.0,0.0,5
2301,165,0.0,0.0,0.0,0.0,5
2302,166,0.0,0.0,0.0,0.0,5
2303,167,0.0,0.0,0.0,0.0,5
2304,168,0.0,0.0,0.0,0.0,5
2305,169,0.0,0.0,0.0,0.0,5
2306,170,0.0,0.0,0.0,0.0,5
2307,171,0.0,0.0,0.0,0.0,5
2308,172,0.0,0.0,0.0,0.0,5
2309,173,0.0,0.0,0.0,0.0,5
2310,174,0.0,0.0,0.0,0.0,5
2311,175,0.0,0.0,0.0,0.0,5
2312,176,0.0,0.0,0.0,0.0,5
2313,177,0.0,0.0,0.0,0.0,5
2314,178,0.0,0.0,0.0,0.0,5
2315,179,0.0,0.0,0.0,0.0,5
2316,180,0.0,0.0,0.0,0.0,5
2317,181,0.0,0.0,0.0,0.0,5
2318,182,0.0,0.0,0.0,0.0,5
2319,183,0.0,0.0,0.0,0.0,5
2320,184,0.0,0.0,0.0,0.0,5
2321,185,0.0,0.0,0.0,0.0,5
2322,186,0.0,0.0,0.0,0.0,5
2323,187,0.0,0.0,0.0,0.0,5
2324,188,0.0,0.0,0.0,0.0,5
2325,189,0.0,0.0,0.0,0.0,5
2326,190,0.0,0.0,0.0,0.0,5
2327,191,0.0,0.0,0.0,0.0,5
2328,192,0.0,0.0,0.0,0.0,5
2329,193,0.0,0.0,0.0,0.0,5
2330,194,0.0,0.0,0.0,0.0,5
2331,195,0.0,0.0,0.0,0.0,5
2332,196,0.0,0.0,0.0,0.0,5
2333,197,0.0,0.0,0.0,0.0,5
2334,198,0.0,0.0,0.0,0.0,5
2335,199,0.0,0.0,0.0,0.0,5
2336,200,0.0,0.0,0.0,0.0,5
2337,201,0.0,0.0,0.0,0.0,5
2338,202,0.0,0.0,0.0,0.0,5
2339,203,0.0,0.0,0.0,0.0,5
2340,204,0.0,0.0,0.0,0.0,5
2341,205,0.0,0.0,0.0,0.0,5
2342,206,0.0,0.0,0.0,0.0,5
2343,207,0.0,0.0,0.0,0.0,5
2344,208,0.0,0.0,0.0,0.0,5
2345,209,0.0,0.0,0.0,0.0,5
2346,210,0.0,0.0,0.0,0.0,5
2347,211,0.0,0.0,0.0,0.0,5
2348,212,0.0,0.0,0.0,0.0,5
2349,213,0.0,0.0,0.0,0.0,5
2350,214,0.0,0.0,0.0,0.0,5
2351,215,0.0,0.0,0.0,0.0,5
2352,216,0.0,0.0,0.0,0.0,5
2353,217,0.0,0.0,0.0,0.0,5
2354,218,0.0,0.0,0.0,0.0,5
2355,219,0.0,0.0,0.0,0.0,5
2356,220,0.0,0.0,0.0,0.0,5
2357,221,0.0,0.0,0.0,0.0,5
2358,222,0.0,0.0,0.0,0.0,5
2359,223,0.0,0.0,0.0,0.0,5
2360,224,0.0,0.0,0.0,0.0,5
2361,225,0.0,0.0,0.0,0.0,5
2362,226,0.0,0.0,0.0,0.0,5
2363,227,0.0,0.0,0.0,0.0,5
2364,228,0.0,0.0,0.0,0.0,5
2365,229,0.0,0.0,0.0,0.0,5
2366,230,0.0,0.0,0.0,0.0,5
2367,231,0.0,0.0,0.0,0.0,5
2368,232,0.0,0.0,0.0,0.0,5
2369,233,0.0,0.0,0.0,0.0,5
2370,234,0.0,0.0,0.0,0.0,5
2371,235,0.0,0.0,0.0,0.0,5
2372,236,0.0,0.0,0.0,0.0,5
2373,237,0.0,0.0,0.0,0.0,5
2374,238,0.0,0.0,0.0,0.0,5
2375,239,0.0,0.0,0.0,0.0,5
2376,240,0.0,0.0,0.0,0.0,5
2377,241,0.0,0.0,0.0,0.0,5
2378,242,0.0,0.0,0.0,0.0,5
2379,243,0.0,0.0,0.0,0.0,5
2380,244,0.0,0.0,0.0,0.0,5
2381,245,0.0,0.0,0.0,0.0,5
2382,246,0.0,0.0,0.0,0.0,5
2383,247,0.0,0.0,0.0,0.0,5
2384,248,0.0,0.0,0.0,0.0,5
2385,249,0.0,0.0,0.0,0.0,5
2386,250,0.0,0.0,0.0,0.0,5
2387,251,0.0,0.0,0.0,0.0,5
2388,252,0.0,0.0,0.0,0.0,5
2389,253,0.0,0.0,0.0,0.0,5
2390,254,0.0,0.0,0.0,0.0,5
2391,255,0.0,0.0,0.0,0.0,5
2392,256,0.0,0.0,0.0,0.0,5
2393,257,0.0,0.0,0.0,0.0,5
2394,258,0.0,0.0,0.0,0.0,5
2395,259,0.0,0.0,0.0,0.0,5
2396,260,0.0,0.0,0.0,0.0,5
2397,261,0.0,0.0,0.0,0.0,5
2398,262,0.0,0.0,0.0,0.0,5
2399,263,0.0,0.0,0.0,0.0,5
2400,264,0.0,0.0,0.0,0.0,5
2401,265,0.0,0.0,0.0,0.0,5
2402,266,0.0,0.0,0.0,0.0,5
2403,0,0.017517698331783,5.0,3.0,0.0,3
2404,1,0.9482299873472408,4.97,3.0,300.0,3
2405,2,0.0544700450676468,4.94,3.0,600.0,3
2406,3,0.0149186763744268,4.91,3.0,900.0,3
2407,4,0.0786091137355248,4.88,3.0,1200.0,3
2408,5,0.021234956014963,4.85,3.0,1500.0,3
2409,6,0.0230770448975855,4.82,3.0,1800.0,3
2410,7,0.0339303214882158,4.79,3.0,2100.0,3
2411,8,0.011865559658883,4.76,3.0,2400.0,3
2412,9,0.0570089680684777,4.73,3.0,2700.0,3
2413,10,0.0275160287904344,4.7,3.0,3000.0,3
2414,11,0.0224977874884827,4.67,3.0,3300.0,3
2415,12,0.0198215686208404,4.64,3.0,3600.0,3
2416,13,0.0438431379654871,4.61,3.0,3900.0,3
2417,14,0.0492307937048019,4.58,3.0,4200.0,3
2418,15,0.0,0.0,0.0,0.0,3
2419,16,0.0,0.0,0.0,0.0,3
2420,17,0.0,0.0,0.0,0.0,3
2421,18,0.0,0.0,0.0,0.0,3
2422,19,0.0,0.0,0.0,0.0,3
2423,20,0.0,0.0,0.0,0.0,3
2424,21,0.0,0.0,0.0,0.0,3
2425,22,0.0,0.0,0.0,0.0,3
2426,23,0.0,0.0,0.0,0.0,3
2427,24,0.0,0.0,0.0,0.0,3
2428,25,0.0,0.0,0.0,0.0,3
2429,26,0.0,0.0,0.0,0.0,3
2430,27,0.0,0.0,0.0,0.0,3
2431,28,0.0,0.0,0.0,0.0,3
2432,29,0.0,0.0,0.0,0.0,3
2433,30,0.0,0.0,0.0,0.0,3
2434,31,0.0,0.0,0.0,0.0,3
2435,32,0.0,0.0,0.0,0.0,3
2436,33,0.0,0.0,0.0,0.0,3
2437,34,0.0,0.0,0.0,0.0,3
2438,35,0.0,0.0,0.0,0.0,3
2439,36,0.0,0.0,0.0,0.0,3
2440,37,0.0,0.0,0.0,0.0,3
2441,38,0.0,0.0,0.0,0.0,3
2442,39,0.0,0.0,0.0,0.0,3
2443,40,0.0,0.0,0.0,0.0,3
2444,41,0.0,0.0,0.0,0.0,3
2445,42,0.0,0.0,0.0,0.0,3
2446,43,0.0,0.0,0.0,0.0,3
2447,44,0.0,0.0,0.0,0.0,3
2448,45,0.0,0.0,0.0,0.0,3
2449,46,0.0,0.0,0.0,0.0,3
2450,47,0.0,0.0,0.0,0.0,3
2451,48,0.0,0.0,0.0,0.0,3
2452,49,0.0,0.0,0.0,0.0,3
2453,50,0.0,0.0,0.0,0.0,3
2454,51,0.0,0.0,0.0,0.0,3
2455,52,0.0,0.0,0.0,0.0,3
2456,53,0.0,0.0,0.0,0.0,3
2457,54,0.0,0.0,0.0,0.0,3
2458,55,0.0,0.0,0.0,0.0,3
2459,56,0.0,0.0,0.0,0.0,3
2460,57,0.0,0.0,0.0,0.0,3
2461,58,0.0,0.0,0.0,0.0,3
2462,59,0.0,0.0,0.0,0.0,3
2463,60,0.0,0.0,0.0,0.0,3
2464,61,0.0,0.0,0.0,0.0,3
2465,62,0.0,0.0,0.0,0.0,3
2466,63,0.0,0.0,0.0,0.0,3
2467,64,0.0,0.0,0.0,0.0,3
2468,65,0.0,0.0,0.0,0.0,3
2469,66,0.0,0.0,0.0,0.0,3
2470,67,0.0,0.0,0.0,0.0,3
2471,68,0.0,0.0,0.0,0.0,3
2472,69,0.0,0.0,0.0,0.0,3
2473,70,0.0,0.0,0.0,0.0,3
2474,71,0.0,0.0,0.0,0.0,3
2475,72,0.0,0.0,0.0,0.0,3
2476,73,0.0,0.0,0.0,0.0,3
2477,74,0.0,0.0,0.0,0.0,3
2478,75,0.0,0.0,0.0,0.0,3
2479,76,0.0,0.0,0.0,0.0,3
2480,77,0.0,0.0,0.0,0.0,3
2481,78,0.0,0.0,0.0,0.0,3
2482,79,0.0,0.0,0.0,0.0,3
2483,80,0.0,0.0,0.0,0.0,3
2484,81,0.0,0.0,0.0,0.0,3
2485,82,0.0,0.0,0.0,0.0,3
2486,83,0.0,0.0,0.0,0.0,3
2487,84,0.0,0.0,0.0,0.0,3
2488,85,0.0,0.0,0.0,0.0,3
2489,86,0.0,0.0,0.0,0.0,3
2490,87,0.0,0.0,0.0,0.0,3
2491,88,0.0,0.0,0.0,0.0,3
2492,89,0.0,0.0,0.0,0.0,3
2493,90,0.0,0.0,0.0,0.0,3
2494,91,0.0,0.0,0.0,0.0,3
2495,92,0.0,0.0,0.0,0.0,3
2496,93,0.0,0.0,0.0,0.0,3
2497,94,0.0,0.0,0.0,0.0,3
2498,95,0.0,0.0,0.0,0.0,3
2499,96,0.0,0.0,0.0,0.0,3
2500,97,0.0,0.0,0.0,0.0,3
2501,98,0.0,0.0,0.0,0.0,3
2502,99,0.0,0.0,0.0,0.0,3
2503,100,0.0,0.0,0.0,0.0,3
2504,101,0.0,0.0,0.0,0.0,3
2505,102,0.0,0.0,0.0,0.0,3
2506,103,0.0,0.0,0.0,0.0,3
2507,104,0.0,0.0,0.0,0.0,3
2508,105,0.0,0.0,0.0,0.0,3
2509,106,0.0,0.0,0.0,0.0,3
2510,107,0.0,0.0,0.0,0.0,3
2511,108,0.0,0.0,0.0,0.0,3
2512,109,0.0,0.0,0.0,0.0,3
2513,110,0.0,0.0,0.0,0.0,3
2514,111,0.0,0.0,0.0,0.0,3
2515,112,0.0,0.0,0.0,0.0,3
2516,113,0.0,0.0,0.0,0.0,3
2517,114,0.0,0.0,0.0,0.0,3
2518,115,0.0,0.0,0.0,0.0,3
2519,116,0.0,0.0,0.0,0.0,3
2520,117,0.0,0.0,0.0,0.0,3
2521,118,0.0,0.0,0.0,0.0,3
2522,119,0.0,0.0,0.0,0.0,3
2523,120,0.0,0.0,0.0,0.0,3
2524,121,0.0,0.0,0.0,0.0,3
2525,122,0.0,0.0,0.0,0.0,3
2526,123,0.0,0.0,0.0,0.0,3
2527,124,0.0,0.0,0.0,0.0,3
2528,125,0.0,0.0,0.0,0.0,3
2529,126,0.0,0.0,0.0,0.0,3
2530,127,0.0,0.0,0.0,0.0,3
2531,128,0.0,0.0,0.0,0.0,3
2532,129,0.0,0.0,0.0,0.0,3
2533,130,0.0,0.0,0.0,0.0,3
2534,131,0.0,0.0,0.0,0.0,3
2535,132,0.0,0.0,0.0,0.0,3
2536,133,0.0,0.0,0.0,0.0,3
2537,134,0.0,0.0,0.0,0.0,3
2538,135,0.0,0.0,0.0,0.0,3
2539,136,0.0,0.0,0.0,0.0,3
2540,137,0.0,0.0,0.0,0.0,3
2541,138,0.0,0.0,0.0,0.0,3
2542,139,0.0,0.0,0.0,0.0,3
2543,140,0.0,0.0,0.0,0.0,3
2544,141,0.0,0.0,0.0,0.0,3
2545,142,0.0,0.0,0.0,0.0,3
2546,143,0.0,0.0,0.0,0.0,3
2547,144,0.0,0.0,0.0,0.0,3
2548,145,0.0,0.0,0.0,0.0,3
2549,146,0.0,0.0,0.0,0.0,3
2550,147,0.0,0.0,0.0,0.0,3
2551,148,0.0,0.0,0.0,0.0,3
2552,149,0.0,0.0,0.0,0.0,3
2553,150,0.0,0.0,0.0,0.0,3
2554,151,0.0,0.0,0.0,0.0,3
2555,152,0.0,0.0,0.0,0.0,3
2556,153,0.0,0.0,0.0,0.0,3
2557,154,0.0,0.0,0.0,0.0,3
2558,155,0.0,0.0,0.0,0.0,3
2559,156,0.0,0.0,0.0,0.0,3
2560,157,0.0,0.0,0.0,0.0,3
2561,158,0.0,0.0,0.0,0.0,3
2562,159,0.0,0.0,0.0,0.0,3
2563,160,0.0,0.0,0.0,0.0,3
2564,161,0.0,0.0,0.0,0.0,3
2565,162,0.0,0.0,0.0,0.0,3
2566,163,0.0,0.0,0.0,0.0,3
2567,164,0.0,0.0,0.0,0.0,3
2568,165,0.0,0.0,0.0,0.0,3
2569,166,0.0,0.0,0.0,0.0,3
2570,167,0.0,0.0,0.0,0.0,3
2571,168,0.0,0.0,0.0,0.0,3
2572,169,0.0,0.0,0.0,0.0,3
2573,170,0.0,0.0,0.0,0.0,3
2574,171,0.0,0.0,0.0,0.0,3
2575,172,0.0,0.0,0.0,0.0,3
2576,173,0.0,0.0,0.0,0.0,3
2577,174,0.0,0.0,0.0,0.0,3
2578,175,0.0,0.0,0.0,0.0,3
2579,176,0.0,0.0,0.0,0.0,3
2580,177,0.0,0.0,0.0,0.0,3
2581,178,0.0,0.0,0.0,0.0,3
2582,179,0.0,0.0,0.0,0.0,3
2583,180,0.0,0.0,0.0,0.0,3
2584,181,0.0,0.0,0.0,0.0,3
2585,182,0.0,0.0,0.0,0.0,3
2586,183,0.0,0.0,0.0,0.0,3
2587,184,0.0,0.0,0.0,0.0,3
2588,185,0.0,0.0,0.0,0.0,3
2589,186,0.0,0.0,0.0,0.0,3
2590,187,0.0,0.0,0.0,0.0,3
2591,188,0.0,0.0,0.0,0.0,3
2592,189,0.0,0.0,0.0,0.0,3
2593,190,0.0,0.0,0.0,0.0,3
2594,191,0.0,0.0,0.0,0.0,3
2595,192,0.0,0.0,0.0,0.0,3
2596,193,0.0,0.0,0.0,0.0,3
2597,194,0.0,0.0,0.0,0.0,3
2598,195,0.0,0.0,0.0,0.0,3
2599,196,0.0,0.0,0.0,0.0,3
2600,197,0.0,0.0,0.0,0.0,3
2601,198,0.0,0.0,0.0,0.0,3
2602,199,0.0,0.0,0.0,0.0,3
2603,200,0.0,0.0,0.0,0.0,3
2604,201,0.0,0.0,0.0,0.0,3
2605,202,0.0,0.0,0.0,0.0,3
2606,203,0.0,0.0,0.0,0.0,3
2607,204,0.0,0.0,0.0,0.0,3
2608,205,0.0,0.0,0.0,0.0,3
2609,206,0.0,0.0,0.0,0.0,3
2610,207,0.0,0.0,0.0,0.0,3
2611,208,0.0,0.0,0.0,0.0,3
2612,209,0.0,0.0,0.0,0.0,3
2613,210,0.0,0.0,0.0,0.0,3
2614,211,0.0,0.0,0.0,0.0,3
2615,212,0.0,0.0,0.0,0.0,3
2616,213,0.0,0.0,0.0,0.0,3
2617,214,0.0,0.0,0.0,0.0,3
2618,215,0.0,0.0,0.0,0.0,3
2619,216,0.0,0.0,0.0,0.0,3
2620,217,0.0,0.0,0.0,0.0,3
2621,218,0.0,0.0,0.0,0.0,3
2622,219,0.0,0.0,0.0,0.0,3
2623,220,0.0,0.0,0.0,0.0,3
2624,221,0.0,0.0,0.0,0.0,3
2625,222,0.0,0.0,0.0,0.0,3
2626,223,0.0,0.0,0.0,0.0,3
2627,224,0.0,0.0,0.0,0.0,3
2628,225,0.0,0.0,0.0,0.0,3
2629,226,0.0,0.0,0.0,0.0,3
2630,227,0.0,0.0,0.0,0.0,3
2631,228,0.0,0.0,0.0,0.0,3
2632,229,0.0,0.0,0.0,0.0,3
2633,230,0.0,0.0,0.0,0.0,3
2634,231,0.0,0.0,0.0,0.0,3
2635,232,0.0,0.0,0.0,0.0,3
2636,233,0.0,0.0,0.0,0.0,3
2637,234,0.0,0.0,0.0,0.0,3
2638,235,0.0,0.0,0.0,0.0,3
2639,236,0.0,0.0,0.0,0.0,3
2640,237,0.0,0.0,0.0,0.0,3
2641,238,0.0,0.0,0.0,0.0,3
2642,239,0.0,0.0,0.0,0.0,3
2643,240,0.0,0.0,0.0,0.0,3
2644,241,0.0,0.0,0.0,0.0,3
2645,242,0.0,0.0,0.0,0.0,3
2646,243,0.0,0.0,0.0,0.0,3
2647,244,0.0,0.0,0.0,0.0,3
2648,245,0.0,0.0,0.0,0.0,3
2649,246,0.0,0.0,0.0,0.0,3
2650,247,0.0,0.0,0.0,0.0,3
2651,248,0.0,0.0,0.0,0.0,3
2652,249,0.0,0.0,0.0,0.0,3
2653,250,0.0,0.0,0.0,0.0,3
2654,251,0.0,0.0,0.0,0.0,3
2655,252,0.0,0.0,0.0,0.0,3
2656,253,0.0,0.0,0.0,0.0,3
2657,254,0.0,0.0,0.0,0.0,3
2658,255,0.0,0.0,0.0,0.0,3
2659,256,0.0,0.0,0.0,0.0,3
2660,257,0.0,0.0,0.0,0.0,3
2661,258,0.0,0.0,0.0,0.0,3
2662,259,0.0,0.0,0.0,0.0,3
2663,260,0.0,0.0,0.0,0.0,3
2664,261,0.0,0.0,0.0,0.0,3
2665,262,0.0,0.0,0.0,0.0,3
2666,263,0.0,0.0,0.0,0.0,3
2667,264,0.0,0.0,0.0,0.0,3
2668,265,0.0,0.0,0.0,0.0,3
2669,266,0.0,0.0,0.0,0.0,3
