,Unnamed: 0,gamma_sample,k,run
0,0,0.0231610522991586,1.0,0.0
1,1,0.0268252790840748,1.0,1.0
2,2,0.0486742407971793,1.0,2.0
3,3,0.02803236288361,1.0,3.0
4,4,0.0230637163142101,1.0,4.0
5,5,0.0335835075168666,1.0,5.0
6,6,0.0718460449579658,1.0,6.0
7,7,0.0267144659093406,1.0,7.0
8,8,0.0540652761735373,1.0,8.0
9,9,0.0858164638793708,1.0,9.0
10,10,0.1274156497015309,1.0,10.0
11,11,0.0787823496033476,1.0,11.0
12,12,0.0235434280433513,1.0,12.0
13,13,0.0180203908142118,1.0,13.0
14,14,0.0798105135195383,1.0,14.0
15,15,0.022061322690712,1.0,15.0
16,16,0.0507933920104086,1.0,16.0
17,17,0.0277375839888477,1.0,17.0
18,18,0.0590901320600821,1.0,18.0
19,19,0.0710511270086875,1.0,19.0
20,20,0.029136434897949,1.0,20.0
21,21,0.0565338188617278,1.0,21.0
22,22,0.0769086715021838,1.0,22.0
23,23,0.0266441943659639,1.0,23.0
24,24,0.0632064465848155,1.0,24.0
25,25,0.0712833741949222,1.0,25.0
26,26,0.0379751916532036,1.0,26.0
27,27,0.0383503674275125,1.0,27.0
28,28,0.0448865397902302,1.0,28.0
29,29,0.076833595954088,1.0,29.0
30,30,0.057417856135708,1.0,30.0
31,31,0.0140758869994895,1.0,31.0
32,32,0.0682823176853153,1.0,32.0
33,33,0.0782060498270601,1.0,33.0
34,34,0.256012753333636,1.0,34.0
35,35,0.0238284177440092,1.0,35.0
36,36,0.0577047819863939,1.0,36.0
37,37,0.1993691698461703,1.0,37.0
38,38,0.1298191201409017,1.0,38.0
39,39,0.0346054769775086,1.0,39.0
40,40,0.0681116949317977,1.0,40.0
41,41,0.0442763593156551,1.0,41.0
42,42,0.0580957321708067,1.0,42.0
43,43,0.0232297128811547,1.0,43.0
44,44,0.0759286860387148,1.0,44.0
45,45,0.0253349243883723,1.0,45.0
46,46,0.0085117247060691,1.0,46.0
47,47,0.0486873698732801,1.0,47.0
48,48,0.0706214368821661,1.0,48.0
49,49,0.0248960079079097,1.0,49.0
50,50,0.0346631366837754,1.0,50.0
51,51,0.0469509252211741,1.0,51.0
52,52,0.047258212350141,1.0,52.0
53,53,0.1115100495918292,1.0,53.0
54,54,0.0645291474258015,1.0,54.0
55,55,0.0207618638487938,1.0,55.0
56,56,0.0714174810089352,1.0,56.0
57,57,0.0430826556052011,1.0,57.0
58,58,0.071962689149552,1.0,58.0
59,59,0.0734184482827079,1.0,59.0
60,60,0.0800474712056776,1.0,60.0
61,61,0.0444622839891301,1.0,61.0
62,62,0.0292903958128261,1.0,62.0
63,63,0.1022537588727155,1.0,63.0
64,64,0.0348190380241296,1.0,64.0
65,65,0.0650616080718071,1.0,65.0
66,66,0.1169666255587671,1.0,66.0
67,67,0.0334980148331553,1.0,67.0
68,68,0.0429615669233923,1.0,68.0
69,69,0.0620927892618036,1.0,69.0
70,70,0.0419157206454744,1.0,70.0
71,71,0.0144648278125567,1.0,71.0
72,72,0.0613824374369592,1.0,72.0
73,73,0.0872512207628897,1.0,73.0
74,74,0.1207122469258654,1.0,74.0
75,75,0.0390084186521111,1.0,75.0
76,76,0.0807224564299898,1.0,76.0
77,77,0.0300214542390161,1.0,77.0
78,78,0.02099605995966,1.0,78.0
79,79,0.0209127563529866,1.0,79.0
80,80,0.0767676032791654,1.0,80.0
81,81,0.0510625209128636,1.0,81.0
82,82,0.0354229466552061,1.0,82.0
83,83,0.0472001258255663,1.0,83.0
84,84,0.0143159448121625,1.0,84.0
85,85,0.0376075644810216,1.0,85.0
86,86,0.0326808135005683,1.0,86.0
87,87,0.041749064402268,1.0,87.0
88,88,0.0187177290064137,1.0,88.0
89,89,0.058377083765572,1.0,89.0
90,90,0.0444266791967411,1.0,90.0
91,91,0.0638882687177318,1.0,91.0
92,92,0.0241711502047903,1.0,92.0
93,93,0.0354832918678204,1.0,93.0
94,94,0.095756431292568,1.0,94.0
95,95,0.0239978635637015,1.0,95.0
96,96,0.0624256309065295,1.0,96.0
97,97,0.0193988076595476,1.0,97.0
98,98,0.0735663735983341,1.0,98.0
99,99,0.0648633146650689,1.0,99.0
100,100,0.0,0.0,0.0
101,101,0.0,0.0,0.0
102,102,0.0,0.0,0.0
103,103,0.0,0.0,0.0
104,104,0.0,0.0,0.0
105,105,0.0,0.0,0.0
106,106,0.0,0.0,0.0
107,107,0.0,0.0,0.0
108,108,0.0,0.0,0.0
109,109,0.0,0.0,0.0
110,110,0.0,0.0,0.0
111,111,0.0,0.0,0.0
112,112,0.0,0.0,0.0
113,113,0.0,0.0,0.0
114,114,0.0,0.0,0.0
115,115,0.0,0.0,0.0
116,116,0.0,0.0,0.0
117,117,0.0,0.0,0.0
118,118,0.0,0.0,0.0
119,119,0.0,0.0,0.0
120,120,0.0,0.0,0.0
121,121,0.0,0.0,0.0
122,122,0.0,0.0,0.0
123,123,0.0,0.0,0.0
124,124,0.0,0.0,0.0
125,125,0.0,0.0,0.0
126,126,0.0,0.0,0.0
127,127,0.0,0.0,0.0
128,128,0.0,0.0,0.0
129,129,0.0,0.0,0.0
130,130,0.0,0.0,0.0
131,131,0.0,0.0,0.0
132,132,0.0,0.0,0.0
133,133,0.0,0.0,0.0
134,134,0.0,0.0,0.0
135,135,0.0,0.0,0.0
136,136,0.0,0.0,0.0
137,137,0.0,0.0,0.0
138,138,0.0,0.0,0.0
139,139,0.0,0.0,0.0
140,140,0.0,0.0,0.0
141,141,0.0,0.0,0.0
142,142,0.0,0.0,0.0
143,143,0.0,0.0,0.0
144,144,0.0,0.0,0.0
145,145,0.0,0.0,0.0
146,146,0.0,0.0,0.0
147,147,0.0,0.0,0.0
148,148,0.0,0.0,0.0
149,149,0.0,0.0,0.0
150,150,0.0,0.0,0.0
151,151,0.0,0.0,0.0
152,152,0.0,0.0,0.0
153,153,0.0,0.0,0.0
154,154,0.0,0.0,0.0
155,155,0.0,0.0,0.0
156,156,0.0,0.0,0.0
157,157,0.0,0.0,0.0
158,158,0.0,0.0,0.0
159,159,0.0,0.0,0.0
160,160,0.0,0.0,0.0
161,161,0.0,0.0,0.0
162,162,0.0,0.0,0.0
163,163,0.0,0.0,0.0
164,164,0.0,0.0,0.0
165,165,0.0,0.0,0.0
166,166,0.0,0.0,0.0
167,167,0.0,0.0,0.0
168,168,0.0,0.0,0.0
169,169,0.0,0.0,0.0
170,170,0.0,0.0,0.0
171,171,0.0,0.0,0.0
172,172,0.0,0.0,0.0
173,173,0.0,0.0,0.0
174,174,0.0,0.0,0.0
175,175,0.0,0.0,0.0
176,176,0.0,0.0,0.0
177,177,0.0,0.0,0.0
178,178,0.0,0.0,0.0
179,179,0.0,0.0,0.0
180,180,0.0,0.0,0.0
181,181,0.0,0.0,0.0
182,182,0.0,0.0,0.0
183,183,0.0,0.0,0.0
184,184,0.0,0.0,0.0
185,185,0.0,0.0,0.0
186,186,0.0,0.0,0.0
187,187,0.0,0.0,0.0
188,188,0.0,0.0,0.0
189,189,0.0,0.0,0.0
190,190,0.0,0.0,0.0
191,191,0.0,0.0,0.0
192,192,0.0,0.0,0.0
193,193,0.0,0.0,0.0
194,194,0.0,0.0,0.0
195,195,0.0,0.0,0.0
196,196,0.0,0.0,0.0
197,197,0.0,0.0,0.0
198,198,0.0,0.0,0.0
199,199,0.0,0.0,0.0
200,200,0.0,0.0,0.0
201,201,0.0,0.0,0.0
202,202,0.0,0.0,0.0
203,203,0.0,0.0,0.0
204,204,0.0,0.0,0.0
205,205,0.0,0.0,0.0
206,206,0.0,0.0,0.0
207,207,0.0,0.0,0.0
208,208,0.0,0.0,0.0
209,209,0.0,0.0,0.0
210,210,0.0,0.0,0.0
211,211,0.0,0.0,0.0
212,212,0.0,0.0,0.0
213,213,0.0,0.0,0.0
214,214,0.0,0.0,0.0
215,215,0.0,0.0,0.0
216,216,0.0,0.0,0.0
217,217,0.0,0.0,0.0
218,218,0.0,0.0,0.0
219,219,0.0,0.0,0.0
220,220,0.0,0.0,0.0
221,221,0.0,0.0,0.0
222,222,0.0,0.0,0.0
223,223,0.0,0.0,0.0
224,224,0.0,0.0,0.0
225,225,0.0,0.0,0.0
226,226,0.0,0.0,0.0
227,227,0.0,0.0,0.0
228,228,0.0,0.0,0.0
229,229,0.0,0.0,0.0
230,230,0.0,0.0,0.0
231,231,0.0,0.0,0.0
232,232,0.0,0.0,0.0
233,233,0.0,0.0,0.0
234,234,0.0,0.0,0.0
235,235,0.0,0.0,0.0
236,236,0.0,0.0,0.0
237,237,0.0,0.0,0.0
238,238,0.0,0.0,0.0
239,239,0.0,0.0,0.0
240,240,0.0,0.0,0.0
241,241,0.0,0.0,0.0
242,242,0.0,0.0,0.0
243,243,0.0,0.0,0.0
244,244,0.0,0.0,0.0
245,245,0.0,0.0,0.0
246,246,0.0,0.0,0.0
247,247,0.0,0.0,0.0
248,248,0.0,0.0,0.0
249,249,0.0,0.0,0.0
250,250,0.0,0.0,0.0
251,251,0.0,0.0,0.0
252,252,0.0,0.0,0.0
253,253,0.0,0.0,0.0
254,254,0.0,0.0,0.0
255,255,0.0,0.0,0.0
256,256,0.0,0.0,0.0
257,257,0.0,0.0,0.0
258,258,0.0,0.0,0.0
259,259,0.0,0.0,0.0
260,260,0.0,0.0,0.0
261,261,0.0,0.0,0.0
262,262,0.0,0.0,0.0
263,263,0.0,0.0,0.0
264,264,0.0,0.0,0.0
265,265,0.0,0.0,0.0
266,266,0.0,0.0,0.0
267,267,0.0,0.0,0.0
268,268,0.0,0.0,0.0
269,269,0.0,0.0,0.0
270,270,0.0,0.0,0.0
271,271,0.0,0.0,0.0
272,272,0.0,0.0,0.0
273,273,0.0,0.0,0.0
274,274,0.0,0.0,0.0
275,275,0.0,0.0,0.0
276,276,0.0,0.0,0.0
277,277,0.0,0.0,0.0
278,278,0.0,0.0,0.0
279,279,0.0,0.0,0.0
280,280,0.0,0.0,0.0
281,281,0.0,0.0,0.0
282,282,0.0,0.0,0.0
283,283,0.0,0.0,0.0
284,284,0.0,0.0,0.0
285,285,0.0,0.0,0.0
286,286,0.0,0.0,0.0
287,287,0.0,0.0,0.0
288,288,0.0,0.0,0.0
289,289,0.0,0.0,0.0
290,290,0.0,0.0,0.0
291,291,0.0,0.0,0.0
292,292,0.0,0.0,0.0
293,293,0.0,0.0,0.0
294,294,0.0,0.0,0.0
295,295,0.0,0.0,0.0
296,296,0.0,0.0,0.0
297,297,0.0,0.0,0.0
298,298,0.0,0.0,0.0
299,299,0.0,0.0,0.0
300,300,0.0,0.0,0.0
301,301,0.0,0.0,0.0
302,302,0.0,0.0,0.0
303,303,0.0,0.0,0.0
304,304,0.0,0.0,0.0
305,305,0.0,0.0,0.0
306,306,0.0,0.0,0.0
307,307,0.0,0.0,0.0
308,308,0.0,0.0,0.0
309,309,0.0,0.0,0.0
310,310,0.0,0.0,0.0
311,311,0.0,0.0,0.0
312,312,0.0,0.0,0.0
313,313,0.0,0.0,0.0
314,314,0.0,0.0,0.0
315,315,0.0,0.0,0.0
316,316,0.0,0.0,0.0
317,317,0.0,0.0,0.0
318,318,0.0,0.0,0.0
319,319,0.0,0.0,0.0
320,320,0.0,0.0,0.0
321,321,0.0,0.0,0.0
322,322,0.0,0.0,0.0
323,323,0.0,0.0,0.0
324,324,0.0,0.0,0.0
325,325,0.0,0.0,0.0
326,326,0.0,0.0,0.0
327,327,0.0,0.0,0.0
328,328,0.0,0.0,0.0
329,329,0.0,0.0,0.0
330,330,0.0,0.0,0.0
331,331,0.0,0.0,0.0
332,332,0.0,0.0,0.0
333,333,0.0,0.0,0.0
334,334,0.0,0.0,0.0
335,335,0.0,0.0,0.0
336,336,0.0,0.0,0.0
337,337,0.0,0.0,0.0
338,338,0.0,0.0,0.0
339,339,0.0,0.0,0.0
340,340,0.0,0.0,0.0
341,341,0.0,0.0,0.0
342,342,0.0,0.0,0.0
343,343,0.0,0.0,0.0
344,344,0.0,0.0,0.0
345,345,0.0,0.0,0.0
346,346,0.0,0.0,0.0
347,347,0.0,0.0,0.0
348,348,0.0,0.0,0.0
349,349,0.0,0.0,0.0
350,350,0.0,0.0,0.0
351,351,0.0,0.0,0.0
352,352,0.0,0.0,0.0
353,353,0.0,0.0,0.0
354,354,0.0,0.0,0.0
355,355,0.0,0.0,0.0
356,356,0.0,0.0,0.0
357,357,0.0,0.0,0.0
358,358,0.0,0.0,0.0
359,359,0.0,0.0,0.0
360,360,0.0,0.0,0.0
361,361,0.0,0.0,0.0
362,362,0.0,0.0,0.0
363,363,0.0,0.0,0.0
364,364,0.0,0.0,0.0
365,365,0.0,0.0,0.0
366,366,0.0,0.0,0.0
367,367,0.0,0.0,0.0
368,368,0.0,0.0,0.0
369,369,0.0,0.0,0.0
370,370,0.0,0.0,0.0
371,371,0.0,0.0,0.0
372,372,0.0,0.0,0.0
373,373,0.0,0.0,0.0
374,374,0.0,0.0,0.0
375,375,0.0,0.0,0.0
376,376,0.0,0.0,0.0
377,377,0.0,0.0,0.0
378,378,0.0,0.0,0.0
379,379,0.0,0.0,0.0
380,380,0.0,0.0,0.0
381,381,0.0,0.0,0.0
382,382,0.0,0.0,0.0
383,383,0.0,0.0,0.0
384,384,0.0,0.0,0.0
385,385,0.0,0.0,0.0
386,386,0.0,0.0,0.0
387,387,0.0,0.0,0.0
388,388,0.0,0.0,0.0
389,389,0.0,0.0,0.0
390,390,0.0,0.0,0.0
391,391,0.0,0.0,0.0
392,392,0.0,0.0,0.0
393,393,0.0,0.0,0.0
394,394,0.0,0.0,0.0
395,395,0.0,0.0,0.0
396,396,0.0,0.0,0.0
397,397,0.0,0.0,0.0
398,398,0.0,0.0,0.0
399,399,0.0,0.0,0.0
400,400,0.0,0.0,0.0
401,401,0.0,0.0,0.0
402,402,0.0,0.0,0.0
403,403,0.0,0.0,0.0
404,404,0.0,0.0,0.0
405,405,0.0,0.0,0.0
406,406,0.0,0.0,0.0
407,407,0.0,0.0,0.0
408,408,0.0,0.0,0.0
409,409,0.0,0.0,0.0
410,410,0.0,0.0,0.0
411,411,0.0,0.0,0.0
412,412,0.0,0.0,0.0
413,413,0.0,0.0,0.0
414,414,0.0,0.0,0.0
415,415,0.0,0.0,0.0
416,416,0.0,0.0,0.0
417,417,0.0,0.0,0.0
418,418,0.0,0.0,0.0
419,419,0.0,0.0,0.0
420,420,0.0,0.0,0.0
421,421,0.0,0.0,0.0
422,422,0.0,0.0,0.0
423,423,0.0,0.0,0.0
424,424,0.0,0.0,0.0
425,425,0.0,0.0,0.0
426,426,0.0,0.0,0.0
427,427,0.0,0.0,0.0
428,428,0.0,0.0,0.0
429,429,0.0,0.0,0.0
430,430,0.0,0.0,0.0
431,431,0.0,0.0,0.0
432,432,0.0,0.0,0.0
433,433,0.0,0.0,0.0
434,434,0.0,0.0,0.0
435,435,0.0,0.0,0.0
436,436,0.0,0.0,0.0
437,437,0.0,0.0,0.0
438,438,0.0,0.0,0.0
439,439,0.0,0.0,0.0
440,440,0.0,0.0,0.0
441,441,0.0,0.0,0.0
442,442,0.0,0.0,0.0
443,443,0.0,0.0,0.0
444,444,0.0,0.0,0.0
445,445,0.0,0.0,0.0
446,446,0.0,0.0,0.0
447,447,0.0,0.0,0.0
448,448,0.0,0.0,0.0
449,449,0.0,0.0,0.0
450,450,0.0,0.0,0.0
451,451,0.0,0.0,0.0
452,452,0.0,0.0,0.0
453,453,0.0,0.0,0.0
454,454,0.0,0.0,0.0
455,455,0.0,0.0,0.0
456,456,0.0,0.0,0.0
457,457,0.0,0.0,0.0
458,458,0.0,0.0,0.0
459,459,0.0,0.0,0.0
460,460,0.0,0.0,0.0
461,461,0.0,0.0,0.0
462,462,0.0,0.0,0.0
463,463,0.0,0.0,0.0
464,464,0.0,0.0,0.0
465,465,0.0,0.0,0.0
466,466,0.0,0.0,0.0
467,467,0.0,0.0,0.0
468,468,0.0,0.0,0.0
469,469,0.0,0.0,0.0
470,470,0.0,0.0,0.0
471,471,0.0,0.0,0.0
472,472,0.0,0.0,0.0
473,473,0.0,0.0,0.0
474,474,0.0,0.0,0.0
475,475,0.0,0.0,0.0
476,476,0.0,0.0,0.0
477,477,0.0,0.0,0.0
478,478,0.0,0.0,0.0
479,479,0.0,0.0,0.0
480,480,0.0,0.0,0.0
481,481,0.0,0.0,0.0
482,482,0.0,0.0,0.0
483,483,0.0,0.0,0.0
484,484,0.0,0.0,0.0
485,485,0.0,0.0,0.0
486,486,0.0,0.0,0.0
487,487,0.0,0.0,0.0
488,488,0.0,0.0,0.0
489,489,0.0,0.0,0.0
490,490,0.0,0.0,0.0
491,491,0.0,0.0,0.0
492,492,0.0,0.0,0.0
493,493,0.0,0.0,0.0
494,494,0.0,0.0,0.0
495,495,0.0,0.0,0.0
496,496,0.0,0.0,0.0
497,497,0.0,0.0,0.0
498,498,0.0,0.0,0.0
499,499,0.0,0.0,0.0
500,0,0.0073614908346181,10.0,0.0
501,1,0.0102441698476272,10.0,1.0
502,2,0.011276845647779,10.0,2.0
503,3,0.0208927746404071,10.0,3.0
504,4,0.0124222406622751,10.0,4.0
505,5,0.010186489846421,10.0,5.0
506,6,0.0138006605281752,10.0,6.0
507,7,0.0101740652410365,10.0,7.0
508,8,0.0109839489999176,10.0,8.0
509,9,0.0059719507056198,10.0,9.0
510,10,0.0151162218763157,10.0,10.0
511,11,0.0216844409622524,10.0,11.0
512,12,0.0151600588102812,10.0,12.0
513,13,0.0105615845516378,10.0,13.0
514,14,0.0143755537419974,10.0,14.0
515,15,0.010827138111869,10.0,15.0
516,16,0.0055173036123172,10.0,16.0
517,17,0.0104853443534034,10.0,17.0
518,18,0.0091495181026415,10.0,18.0
519,19,0.0268062877795557,10.0,19.0
520,20,0.0117392851360223,10.0,20.0
521,21,0.0069559367039267,10.0,21.0
522,22,0.0152480840769449,10.0,22.0
523,23,0.0066345761379396,10.0,23.0
524,24,0.0160950908923525,10.0,24.0
525,25,0.0214556618693912,10.0,25.0
526,26,0.0094481558710323,10.0,26.0
527,27,0.0205022977279424,10.0,27.0
528,28,0.0253367734968914,10.0,28.0
529,29,0.0104944129365888,10.0,29.0
530,30,0.0159823775663871,10.0,30.0
531,31,0.0066776577333789,10.0,31.0
532,32,0.0155190427553231,10.0,32.0
533,33,0.0122265658306983,10.0,33.0
534,34,0.0122269656538906,10.0,34.0
535,35,0.0176599670528792,10.0,35.0
536,36,0.0085529932607254,10.0,36.0
537,37,0.0074056206011556,10.0,37.0
538,38,0.0221622498374371,10.0,38.0
539,39,0.008876193153763,10.0,39.0
540,40,0.0113235355769416,10.0,40.0
541,41,0.0154687436682917,10.0,41.0
542,42,0.019704642914323,10.0,42.0
543,43,0.0125987397278832,10.0,43.0
544,44,0.0126356831422993,10.0,44.0
545,45,0.0157594684132976,10.0,45.0
546,46,0.012932718361848,10.0,46.0
547,47,0.0085073166532022,10.0,47.0
548,48,0.0139523570945055,10.0,48.0
549,49,0.0204089445550214,10.0,49.0
550,50,0.0028892050062509,10.0,50.0
551,51,0.0081706505689606,10.0,51.0
552,52,0.0075703700956979,10.0,52.0
553,53,0.0161517785017028,10.0,53.0
554,54,0.0379472225718438,10.0,54.0
555,55,0.0149784491070702,10.0,55.0
556,56,0.0112703077491622,10.0,56.0
557,57,0.0125076064654106,10.0,57.0
558,58,0.0093229433934753,10.0,58.0
559,59,0.0153426259679726,10.0,59.0
560,60,0.0155080059675699,10.0,60.0
561,61,0.0197348817018527,10.0,61.0
562,62,0.0099829713177082,10.0,62.0
563,63,0.0128088835594995,10.0,63.0
564,64,0.0070274573471339,10.0,64.0
565,65,0.0162040289854698,10.0,65.0
566,66,0.0186781251524067,10.0,66.0
567,67,0.0147347397343167,10.0,67.0
568,68,0.0114745699770213,10.0,68.0
569,69,0.0256224714381289,10.0,69.0
570,70,0.0147476143706683,10.0,70.0
571,71,0.0094995215313286,10.0,71.0
572,72,0.0077982262642185,10.0,72.0
573,73,0.013024951955612,10.0,73.0
574,74,0.0066534095790936,10.0,74.0
575,75,0.0178233306045172,10.0,75.0
576,76,0.0203793800195903,10.0,76.0
577,77,0.013547761997538,10.0,77.0
578,78,0.0141218865329721,10.0,78.0
579,79,0.0079076221653112,10.0,79.0
580,80,0.0068260463239762,10.0,80.0
581,81,0.0155160713138417,10.0,81.0
582,82,0.0083421549261715,10.0,82.0
583,83,0.0081755132538465,10.0,83.0
584,84,0.0094768331294322,10.0,84.0
585,85,0.006409710269702,10.0,85.0
586,86,0.017081317088171,10.0,86.0
587,87,0.0167185977344498,10.0,87.0
588,88,0.0097153975605466,10.0,88.0
589,89,0.0150859145354786,10.0,89.0
590,90,0.0106635365105838,10.0,90.0
591,91,0.0229618752141203,10.0,91.0
592,92,0.0063767117572886,10.0,92.0
593,93,0.0091401575475602,10.0,93.0
594,94,0.0133410051590981,10.0,94.0
595,95,0.0125093661978498,10.0,95.0
596,96,0.0291294821776165,10.0,96.0
597,97,0.0073508575667081,10.0,97.0
598,98,0.0134269499991917,10.0,98.0
599,99,0.0229327468587055,10.0,99.0
600,100,0.0,0.0,0.0
601,101,0.0,0.0,0.0
602,102,0.0,0.0,0.0
603,103,0.0,0.0,0.0
604,104,0.0,0.0,0.0
605,105,0.0,0.0,0.0
606,106,0.0,0.0,0.0
607,107,0.0,0.0,0.0
608,108,0.0,0.0,0.0
609,109,0.0,0.0,0.0
610,110,0.0,0.0,0.0
611,111,0.0,0.0,0.0
612,112,0.0,0.0,0.0
613,113,0.0,0.0,0.0
614,114,0.0,0.0,0.0
615,115,0.0,0.0,0.0
616,116,0.0,0.0,0.0
617,117,0.0,0.0,0.0
618,118,0.0,0.0,0.0
619,119,0.0,0.0,0.0
620,120,0.0,0.0,0.0
621,121,0.0,0.0,0.0
622,122,0.0,0.0,0.0
623,123,0.0,0.0,0.0
624,124,0.0,0.0,0.0
625,125,0.0,0.0,0.0
626,126,0.0,0.0,0.0
627,127,0.0,0.0,0.0
628,128,0.0,0.0,0.0
629,129,0.0,0.0,0.0
630,130,0.0,0.0,0.0
631,131,0.0,0.0,0.0
632,132,0.0,0.0,0.0
633,133,0.0,0.0,0.0
634,134,0.0,0.0,0.0
635,135,0.0,0.0,0.0
636,136,0.0,0.0,0.0
637,137,0.0,0.0,0.0
638,138,0.0,0.0,0.0
639,139,0.0,0.0,0.0
640,140,0.0,0.0,0.0
641,141,0.0,0.0,0.0
642,142,0.0,0.0,0.0
643,143,0.0,0.0,0.0
644,144,0.0,0.0,0.0
645,145,0.0,0.0,0.0
646,146,0.0,0.0,0.0
647,147,0.0,0.0,0.0
648,148,0.0,0.0,0.0
649,149,0.0,0.0,0.0
650,150,0.0,0.0,0.0
651,151,0.0,0.0,0.0
652,152,0.0,0.0,0.0
653,153,0.0,0.0,0.0
654,154,0.0,0.0,0.0
655,155,0.0,0.0,0.0
656,156,0.0,0.0,0.0
657,157,0.0,0.0,0.0
658,158,0.0,0.0,0.0
659,159,0.0,0.0,0.0
660,160,0.0,0.0,0.0
661,161,0.0,0.0,0.0
662,162,0.0,0.0,0.0
663,163,0.0,0.0,0.0
664,164,0.0,0.0,0.0
665,165,0.0,0.0,0.0
666,166,0.0,0.0,0.0
667,167,0.0,0.0,0.0
668,168,0.0,0.0,0.0
669,169,0.0,0.0,0.0
670,170,0.0,0.0,0.0
671,171,0.0,0.0,0.0
672,172,0.0,0.0,0.0
673,173,0.0,0.0,0.0
674,174,0.0,0.0,0.0
675,175,0.0,0.0,0.0
676,176,0.0,0.0,0.0
677,177,0.0,0.0,0.0
678,178,0.0,0.0,0.0
679,179,0.0,0.0,0.0
680,180,0.0,0.0,0.0
681,181,0.0,0.0,0.0
682,182,0.0,0.0,0.0
683,183,0.0,0.0,0.0
684,184,0.0,0.0,0.0
685,185,0.0,0.0,0.0
686,186,0.0,0.0,0.0
687,187,0.0,0.0,0.0
688,188,0.0,0.0,0.0
689,189,0.0,0.0,0.0
690,190,0.0,0.0,0.0
691,191,0.0,0.0,0.0
692,192,0.0,0.0,0.0
693,193,0.0,0.0,0.0
694,194,0.0,0.0,0.0
695,195,0.0,0.0,0.0
696,196,0.0,0.0,0.0
697,197,0.0,0.0,0.0
698,198,0.0,0.0,0.0
699,199,0.0,0.0,0.0
700,200,0.0,0.0,0.0
701,201,0.0,0.0,0.0
702,202,0.0,0.0,0.0
703,203,0.0,0.0,0.0
704,204,0.0,0.0,0.0
705,205,0.0,0.0,0.0
706,206,0.0,0.0,0.0
707,207,0.0,0.0,0.0
708,208,0.0,0.0,0.0
709,209,0.0,0.0,0.0
710,210,0.0,0.0,0.0
711,211,0.0,0.0,0.0
712,212,0.0,0.0,0.0
713,213,0.0,0.0,0.0
714,214,0.0,0.0,0.0
715,215,0.0,0.0,0.0
716,216,0.0,0.0,0.0
717,217,0.0,0.0,0.0
718,218,0.0,0.0,0.0
719,219,0.0,0.0,0.0
720,220,0.0,0.0,0.0
721,221,0.0,0.0,0.0
722,222,0.0,0.0,0.0
723,223,0.0,0.0,0.0
724,224,0.0,0.0,0.0
725,225,0.0,0.0,0.0
726,226,0.0,0.0,0.0
727,227,0.0,0.0,0.0
728,228,0.0,0.0,0.0
729,229,0.0,0.0,0.0
730,230,0.0,0.0,0.0
731,231,0.0,0.0,0.0
732,232,0.0,0.0,0.0
733,233,0.0,0.0,0.0
734,234,0.0,0.0,0.0
735,235,0.0,0.0,0.0
736,236,0.0,0.0,0.0
737,237,0.0,0.0,0.0
738,238,0.0,0.0,0.0
739,239,0.0,0.0,0.0
740,240,0.0,0.0,0.0
741,241,0.0,0.0,0.0
742,242,0.0,0.0,0.0
743,243,0.0,0.0,0.0
744,244,0.0,0.0,0.0
745,245,0.0,0.0,0.0
746,246,0.0,0.0,0.0
747,247,0.0,0.0,0.0
748,248,0.0,0.0,0.0
749,249,0.0,0.0,0.0
750,250,0.0,0.0,0.0
751,251,0.0,0.0,0.0
752,252,0.0,0.0,0.0
753,253,0.0,0.0,0.0
754,254,0.0,0.0,0.0
755,255,0.0,0.0,0.0
756,256,0.0,0.0,0.0
757,257,0.0,0.0,0.0
758,258,0.0,0.0,0.0
759,259,0.0,0.0,0.0
760,260,0.0,0.0,0.0
761,261,0.0,0.0,0.0
762,262,0.0,0.0,0.0
763,263,0.0,0.0,0.0
764,264,0.0,0.0,0.0
765,265,0.0,0.0,0.0
766,266,0.0,0.0,0.0
767,267,0.0,0.0,0.0
768,268,0.0,0.0,0.0
769,269,0.0,0.0,0.0
770,270,0.0,0.0,0.0
771,271,0.0,0.0,0.0
772,272,0.0,0.0,0.0
773,273,0.0,0.0,0.0
774,274,0.0,0.0,0.0
775,275,0.0,0.0,0.0
776,276,0.0,0.0,0.0
777,277,0.0,0.0,0.0
778,278,0.0,0.0,0.0
779,279,0.0,0.0,0.0
780,280,0.0,0.0,0.0
781,281,0.0,0.0,0.0
782,282,0.0,0.0,0.0
783,283,0.0,0.0,0.0
784,284,0.0,0.0,0.0
785,285,0.0,0.0,0.0
786,286,0.0,0.0,0.0
787,287,0.0,0.0,0.0
788,288,0.0,0.0,0.0
789,289,0.0,0.0,0.0
790,290,0.0,0.0,0.0
791,291,0.0,0.0,0.0
792,292,0.0,0.0,0.0
793,293,0.0,0.0,0.0
794,294,0.0,0.0,0.0
795,295,0.0,0.0,0.0
796,296,0.0,0.0,0.0
797,297,0.0,0.0,0.0
798,298,0.0,0.0,0.0
799,299,0.0,0.0,0.0
800,300,0.0,0.0,0.0
801,301,0.0,0.0,0.0
802,302,0.0,0.0,0.0
803,303,0.0,0.0,0.0
804,304,0.0,0.0,0.0
805,305,0.0,0.0,0.0
806,306,0.0,0.0,0.0
807,307,0.0,0.0,0.0
808,308,0.0,0.0,0.0
809,309,0.0,0.0,0.0
810,310,0.0,0.0,0.0
811,311,0.0,0.0,0.0
812,312,0.0,0.0,0.0
813,313,0.0,0.0,0.0
814,314,0.0,0.0,0.0
815,315,0.0,0.0,0.0
816,316,0.0,0.0,0.0
817,317,0.0,0.0,0.0
818,318,0.0,0.0,0.0
819,319,0.0,0.0,0.0
820,320,0.0,0.0,0.0
821,321,0.0,0.0,0.0
822,322,0.0,0.0,0.0
823,323,0.0,0.0,0.0
824,324,0.0,0.0,0.0
825,325,0.0,0.0,0.0
826,326,0.0,0.0,0.0
827,327,0.0,0.0,0.0
828,328,0.0,0.0,0.0
829,329,0.0,0.0,0.0
830,330,0.0,0.0,0.0
831,331,0.0,0.0,0.0
832,332,0.0,0.0,0.0
833,333,0.0,0.0,0.0
834,334,0.0,0.0,0.0
835,335,0.0,0.0,0.0
836,336,0.0,0.0,0.0
837,337,0.0,0.0,0.0
838,338,0.0,0.0,0.0
839,339,0.0,0.0,0.0
840,340,0.0,0.0,0.0
841,341,0.0,0.0,0.0
842,342,0.0,0.0,0.0
843,343,0.0,0.0,0.0
844,344,0.0,0.0,0.0
845,345,0.0,0.0,0.0
846,346,0.0,0.0,0.0
847,347,0.0,0.0,0.0
848,348,0.0,0.0,0.0
849,349,0.0,0.0,0.0
850,350,0.0,0.0,0.0
851,351,0.0,0.0,0.0
852,352,0.0,0.0,0.0
853,353,0.0,0.0,0.0
854,354,0.0,0.0,0.0
855,355,0.0,0.0,0.0
856,356,0.0,0.0,0.0
857,357,0.0,0.0,0.0
858,358,0.0,0.0,0.0
859,359,0.0,0.0,0.0
860,360,0.0,0.0,0.0
861,361,0.0,0.0,0.0
862,362,0.0,0.0,0.0
863,363,0.0,0.0,0.0
864,364,0.0,0.0,0.0
865,365,0.0,0.0,0.0
866,366,0.0,0.0,0.0
867,367,0.0,0.0,0.0
868,368,0.0,0.0,0.0
869,369,0.0,0.0,0.0
870,370,0.0,0.0,0.0
871,371,0.0,0.0,0.0
872,372,0.0,0.0,0.0
873,373,0.0,0.0,0.0
874,374,0.0,0.0,0.0
875,375,0.0,0.0,0.0
876,376,0.0,0.0,0.0
877,377,0.0,0.0,0.0
878,378,0.0,0.0,0.0
879,379,0.0,0.0,0.0
880,380,0.0,0.0,0.0
881,381,0.0,0.0,0.0
882,382,0.0,0.0,0.0
883,383,0.0,0.0,0.0
884,384,0.0,0.0,0.0
885,385,0.0,0.0,0.0
886,386,0.0,0.0,0.0
887,387,0.0,0.0,0.0
888,388,0.0,0.0,0.0
889,389,0.0,0.0,0.0
890,390,0.0,0.0,0.0
891,391,0.0,0.0,0.0
892,392,0.0,0.0,0.0
893,393,0.0,0.0,0.0
894,394,0.0,0.0,0.0
895,395,0.0,0.0,0.0
896,396,0.0,0.0,0.0
897,397,0.0,0.0,0.0
898,398,0.0,0.0,0.0
899,399,0.0,0.0,0.0
900,400,0.0,0.0,0.0
901,401,0.0,0.0,0.0
902,402,0.0,0.0,0.0
903,403,0.0,0.0,0.0
904,404,0.0,0.0,0.0
905,405,0.0,0.0,0.0
906,406,0.0,0.0,0.0
907,407,0.0,0.0,0.0
908,408,0.0,0.0,0.0
909,409,0.0,0.0,0.0
910,410,0.0,0.0,0.0
911,411,0.0,0.0,0.0
912,412,0.0,0.0,0.0
913,413,0.0,0.0,0.0
914,414,0.0,0.0,0.0
915,415,0.0,0.0,0.0
916,416,0.0,0.0,0.0
917,417,0.0,0.0,0.0
918,418,0.0,0.0,0.0
919,419,0.0,0.0,0.0
920,420,0.0,0.0,0.0
921,421,0.0,0.0,0.0
922,422,0.0,0.0,0.0
923,423,0.0,0.0,0.0
924,424,0.0,0.0,0.0
925,425,0.0,0.0,0.0
926,426,0.0,0.0,0.0
927,427,0.0,0.0,0.0
928,428,0.0,0.0,0.0
929,429,0.0,0.0,0.0
930,430,0.0,0.0,0.0
931,431,0.0,0.0,0.0
932,432,0.0,0.0,0.0
933,433,0.0,0.0,0.0
934,434,0.0,0.0,0.0
935,435,0.0,0.0,0.0
936,436,0.0,0.0,0.0
937,437,0.0,0.0,0.0
938,438,0.0,0.0,0.0
939,439,0.0,0.0,0.0
940,440,0.0,0.0,0.0
941,441,0.0,0.0,0.0
942,442,0.0,0.0,0.0
943,443,0.0,0.0,0.0
944,444,0.0,0.0,0.0
945,445,0.0,0.0,0.0
946,446,0.0,0.0,0.0
947,447,0.0,0.0,0.0
948,448,0.0,0.0,0.0
949,449,0.0,0.0,0.0
950,450,0.0,0.0,0.0
951,451,0.0,0.0,0.0
952,452,0.0,0.0,0.0
953,453,0.0,0.0,0.0
954,454,0.0,0.0,0.0
955,455,0.0,0.0,0.0
956,456,0.0,0.0,0.0
957,457,0.0,0.0,0.0
958,458,0.0,0.0,0.0
959,459,0.0,0.0,0.0
960,460,0.0,0.0,0.0
961,461,0.0,0.0,0.0
962,462,0.0,0.0,0.0
963,463,0.0,0.0,0.0
964,464,0.0,0.0,0.0
965,465,0.0,0.0,0.0
966,466,0.0,0.0,0.0
967,467,0.0,0.0,0.0
968,468,0.0,0.0,0.0
969,469,0.0,0.0,0.0
970,470,0.0,0.0,0.0
971,471,0.0,0.0,0.0
972,472,0.0,0.0,0.0
973,473,0.0,0.0,0.0
974,474,0.0,0.0,0.0
975,475,0.0,0.0,0.0
976,476,0.0,0.0,0.0
977,477,0.0,0.0,0.0
978,478,0.0,0.0,0.0
979,479,0.0,0.0,0.0
980,480,0.0,0.0,0.0
981,481,0.0,0.0,0.0
982,482,0.0,0.0,0.0
983,483,0.0,0.0,0.0
984,484,0.0,0.0,0.0
985,485,0.0,0.0,0.0
986,486,0.0,0.0,0.0
987,487,0.0,0.0,0.0
988,488,0.0,0.0,0.0
989,489,0.0,0.0,0.0
990,490,0.0,0.0,0.0
991,491,0.0,0.0,0.0
992,492,0.0,0.0,0.0
993,493,0.0,0.0,0.0
994,494,0.0,0.0,0.0
995,495,0.0,0.0,0.0
996,496,0.0,0.0,0.0
997,497,0.0,0.0,0.0
998,498,0.0,0.0,0.0
999,499,0.0,0.0,0.0
1000,0,0.0026297231450923,100.0,0.0
1001,1,0.0036430975932114,100.0,1.0
1002,2,0.0040439116205949,100.0,2.0
1003,3,0.0045806947372511,100.0,3.0
1004,4,0.0039936171119948,100.0,4.0
1005,5,0.0031825784054749,100.0,5.0
1006,6,0.0032690748312284,100.0,6.0
1007,7,0.005065035088387,100.0,7.0
1008,8,0.0041692797187311,100.0,8.0
1009,9,0.0034890686976923,100.0,9.0
1010,10,0.0064297342151973,100.0,10.0
1011,11,0.0058768056035715,100.0,11.0
1012,12,0.0033958675288614,100.0,12.0
1013,13,0.0048422116241272,100.0,13.0
1014,14,0.0054830980584087,100.0,14.0
1015,15,0.00394800179265,100.0,15.0
1016,16,0.0031220435452007,100.0,16.0
1017,17,0.0043491181005469,100.0,17.0
1018,18,0.0039791665091576,100.0,18.0
1019,19,0.0040308312199194,100.0,19.0
1020,20,0.0039778501763939,100.0,20.0
1021,21,0.0068551012064734,100.0,21.0
1022,22,0.0046154764754619,100.0,22.0
1023,23,0.0026060137801558,100.0,23.0
1024,24,0.0039275262410693,100.0,24.0
1025,25,0.0046331930272854,100.0,25.0
1026,26,0.0029353584211236,100.0,26.0
1027,27,0.0058293469179177,100.0,27.0
1028,28,0.005011830985539,100.0,28.0
1029,29,0.0048398352181781,100.0,29.0
1030,30,0.0035757089182875,100.0,30.0
1031,31,0.0047657050697873,100.0,31.0
1032,32,0.0060114072157148,100.0,32.0
1033,33,0.0051270654392651,100.0,33.0
1034,34,0.0030104324634517,100.0,34.0
1035,35,0.0028945599583775,100.0,35.0
1036,36,0.0046192880750372,100.0,36.0
1037,37,0.0043922265311962,100.0,37.0
1038,38,0.0050229123533291,100.0,38.0
1039,39,0.0060864847201045,100.0,39.0
1040,40,0.0057136385284176,100.0,40.0
1041,41,0.003899834762357,100.0,41.0
1042,42,0.0046064564180199,100.0,42.0
1043,43,0.0045896912774128,100.0,43.0
1044,44,0.0028609243371598,100.0,44.0
1045,45,0.0025872835017118,100.0,45.0
1046,46,0.0041979541101817,100.0,46.0
1047,47,0.0064029407755199,100.0,47.0
1048,48,0.0030595542004136,100.0,48.0
1049,49,0.0059661746206708,100.0,49.0
1050,50,0.0046611144526959,100.0,50.0
1051,51,0.0052271202727815,100.0,51.0
1052,52,0.0049347512107585,100.0,52.0
1053,53,0.0037554577437579,100.0,53.0
1054,54,0.0188663368701714,100.0,54.0
1055,55,0.0053139082582612,100.0,55.0
1056,56,0.0086099061285479,100.0,56.0
1057,57,0.0032956875660744,100.0,57.0
1058,58,0.0031477393676254,100.0,58.0
1059,59,0.0049639077653273,100.0,59.0
1060,60,0.0036602589874585,100.0,60.0
1061,61,0.0042963020193503,100.0,61.0
1062,62,0.0031163311708593,100.0,62.0
1063,63,0.0047838232770771,100.0,63.0
1064,64,0.0036027557760041,100.0,64.0
1065,65,0.003468991074494,100.0,65.0
1066,66,0.0042154370891856,100.0,66.0
1067,67,0.0041907426620208,100.0,67.0
1068,68,0.0060968161952573,100.0,68.0
1069,69,0.0073619199999279,100.0,69.0
1070,70,0.0042357930769,100.0,70.0
1071,71,0.0046423852591189,100.0,71.0
1072,72,0.0040998813967056,100.0,72.0
1073,73,0.0036669220656594,100.0,73.0
1074,74,0.0028657558309337,100.0,74.0
1075,75,0.0052348127857562,100.0,75.0
1076,76,0.003349793510259,100.0,76.0
1077,77,0.0048075075190716,100.0,77.0
1078,78,0.005524590360143,100.0,78.0
1079,79,0.0039556065679344,100.0,79.0
1080,80,0.002919341072127,100.0,80.0
1081,81,0.0040535551009937,100.0,81.0
1082,82,0.0038248123490951,100.0,82.0
1083,83,0.0051150442659844,100.0,83.0
1084,84,0.0049298442628259,100.0,84.0
1085,85,0.0032826313345586,100.0,85.0
1086,86,0.0046181228599416,100.0,86.0
1087,87,0.0055139719150315,100.0,87.0
1088,88,0.0035764158773335,100.0,88.0
1089,89,0.0035725920411417,100.0,89.0
1090,90,0.0019675555733663,100.0,90.0
1091,91,0.0033696433713214,100.0,91.0
1092,92,0.0022084490509055,100.0,92.0
1093,93,0.0036691018037122,100.0,93.0
1094,94,0.0052263124643277,100.0,94.0
1095,95,0.0043114752626512,100.0,95.0
1096,96,0.0041645485597836,100.0,96.0
1097,97,0.0034204116714526,100.0,97.0
1098,98,0.0061190678869856,100.0,98.0
1099,99,0.0087164992847412,100.0,99.0
1100,100,0.0,0.0,0.0
1101,101,0.0,0.0,0.0
1102,102,0.0,0.0,0.0
1103,103,0.0,0.0,0.0
1104,104,0.0,0.0,0.0
1105,105,0.0,0.0,0.0
1106,106,0.0,0.0,0.0
1107,107,0.0,0.0,0.0
1108,108,0.0,0.0,0.0
1109,109,0.0,0.0,0.0
1110,110,0.0,0.0,0.0
1111,111,0.0,0.0,0.0
1112,112,0.0,0.0,0.0
1113,113,0.0,0.0,0.0
1114,114,0.0,0.0,0.0
1115,115,0.0,0.0,0.0
1116,116,0.0,0.0,0.0
1117,117,0.0,0.0,0.0
1118,118,0.0,0.0,0.0
1119,119,0.0,0.0,0.0
1120,120,0.0,0.0,0.0
1121,121,0.0,0.0,0.0
1122,122,0.0,0.0,0.0
1123,123,0.0,0.0,0.0
1124,124,0.0,0.0,0.0
1125,125,0.0,0.0,0.0
1126,126,0.0,0.0,0.0
1127,127,0.0,0.0,0.0
1128,128,0.0,0.0,0.0
1129,129,0.0,0.0,0.0
1130,130,0.0,0.0,0.0
1131,131,0.0,0.0,0.0
1132,132,0.0,0.0,0.0
1133,133,0.0,0.0,0.0
1134,134,0.0,0.0,0.0
1135,135,0.0,0.0,0.0
1136,136,0.0,0.0,0.0
1137,137,0.0,0.0,0.0
1138,138,0.0,0.0,0.0
1139,139,0.0,0.0,0.0
1140,140,0.0,0.0,0.0
1141,141,0.0,0.0,0.0
1142,142,0.0,0.0,0.0
1143,143,0.0,0.0,0.0
1144,144,0.0,0.0,0.0
1145,145,0.0,0.0,0.0
1146,146,0.0,0.0,0.0
1147,147,0.0,0.0,0.0
1148,148,0.0,0.0,0.0
1149,149,0.0,0.0,0.0
1150,150,0.0,0.0,0.0
1151,151,0.0,0.0,0.0
1152,152,0.0,0.0,0.0
1153,153,0.0,0.0,0.0
1154,154,0.0,0.0,0.0
1155,155,0.0,0.0,0.0
1156,156,0.0,0.0,0.0
1157,157,0.0,0.0,0.0
1158,158,0.0,0.0,0.0
1159,159,0.0,0.0,0.0
1160,160,0.0,0.0,0.0
1161,161,0.0,0.0,0.0
1162,162,0.0,0.0,0.0
1163,163,0.0,0.0,0.0
1164,164,0.0,0.0,0.0
1165,165,0.0,0.0,0.0
1166,166,0.0,0.0,0.0
1167,167,0.0,0.0,0.0
1168,168,0.0,0.0,0.0
1169,169,0.0,0.0,0.0
1170,170,0.0,0.0,0.0
1171,171,0.0,0.0,0.0
1172,172,0.0,0.0,0.0
1173,173,0.0,0.0,0.0
1174,174,0.0,0.0,0.0
1175,175,0.0,0.0,0.0
1176,176,0.0,0.0,0.0
1177,177,0.0,0.0,0.0
1178,178,0.0,0.0,0.0
1179,179,0.0,0.0,0.0
1180,180,0.0,0.0,0.0
1181,181,0.0,0.0,0.0
1182,182,0.0,0.0,0.0
1183,183,0.0,0.0,0.0
1184,184,0.0,0.0,0.0
1185,185,0.0,0.0,0.0
1186,186,0.0,0.0,0.0
1187,187,0.0,0.0,0.0
1188,188,0.0,0.0,0.0
1189,189,0.0,0.0,0.0
1190,190,0.0,0.0,0.0
1191,191,0.0,0.0,0.0
1192,192,0.0,0.0,0.0
1193,193,0.0,0.0,0.0
1194,194,0.0,0.0,0.0
1195,195,0.0,0.0,0.0
1196,196,0.0,0.0,0.0
1197,197,0.0,0.0,0.0
1198,198,0.0,0.0,0.0
1199,199,0.0,0.0,0.0
1200,200,0.0,0.0,0.0
1201,201,0.0,0.0,0.0
1202,202,0.0,0.0,0.0
1203,203,0.0,0.0,0.0
1204,204,0.0,0.0,0.0
1205,205,0.0,0.0,0.0
1206,206,0.0,0.0,0.0
1207,207,0.0,0.0,0.0
1208,208,0.0,0.0,0.0
1209,209,0.0,0.0,0.0
1210,210,0.0,0.0,0.0
1211,211,0.0,0.0,0.0
1212,212,0.0,0.0,0.0
1213,213,0.0,0.0,0.0
1214,214,0.0,0.0,0.0
1215,215,0.0,0.0,0.0
1216,216,0.0,0.0,0.0
1217,217,0.0,0.0,0.0
1218,218,0.0,0.0,0.0
1219,219,0.0,0.0,0.0
1220,220,0.0,0.0,0.0
1221,221,0.0,0.0,0.0
1222,222,0.0,0.0,0.0
1223,223,0.0,0.0,0.0
1224,224,0.0,0.0,0.0
1225,225,0.0,0.0,0.0
1226,226,0.0,0.0,0.0
1227,227,0.0,0.0,0.0
1228,228,0.0,0.0,0.0
1229,229,0.0,0.0,0.0
1230,230,0.0,0.0,0.0
1231,231,0.0,0.0,0.0
1232,232,0.0,0.0,0.0
1233,233,0.0,0.0,0.0
1234,234,0.0,0.0,0.0
1235,235,0.0,0.0,0.0
1236,236,0.0,0.0,0.0
1237,237,0.0,0.0,0.0
1238,238,0.0,0.0,0.0
1239,239,0.0,0.0,0.0
1240,240,0.0,0.0,0.0
1241,241,0.0,0.0,0.0
1242,242,0.0,0.0,0.0
1243,243,0.0,0.0,0.0
1244,244,0.0,0.0,0.0
1245,245,0.0,0.0,0.0
1246,246,0.0,0.0,0.0
1247,247,0.0,0.0,0.0
1248,248,0.0,0.0,0.0
1249,249,0.0,0.0,0.0
1250,250,0.0,0.0,0.0
1251,251,0.0,0.0,0.0
1252,252,0.0,0.0,0.0
1253,253,0.0,0.0,0.0
1254,254,0.0,0.0,0.0
1255,255,0.0,0.0,0.0
1256,256,0.0,0.0,0.0
1257,257,0.0,0.0,0.0
1258,258,0.0,0.0,0.0
1259,259,0.0,0.0,0.0
1260,260,0.0,0.0,0.0
1261,261,0.0,0.0,0.0
1262,262,0.0,0.0,0.0
1263,263,0.0,0.0,0.0
1264,264,0.0,0.0,0.0
1265,265,0.0,0.0,0.0
1266,266,0.0,0.0,0.0
1267,267,0.0,0.0,0.0
1268,268,0.0,0.0,0.0
1269,269,0.0,0.0,0.0
1270,270,0.0,0.0,0.0
1271,271,0.0,0.0,0.0
1272,272,0.0,0.0,0.0
1273,273,0.0,0.0,0.0
1274,274,0.0,0.0,0.0
1275,275,0.0,0.0,0.0
1276,276,0.0,0.0,0.0
1277,277,0.0,0.0,0.0
1278,278,0.0,0.0,0.0
1279,279,0.0,0.0,0.0
1280,280,0.0,0.0,0.0
1281,281,0.0,0.0,0.0
1282,282,0.0,0.0,0.0
1283,283,0.0,0.0,0.0
1284,284,0.0,0.0,0.0
1285,285,0.0,0.0,0.0
1286,286,0.0,0.0,0.0
1287,287,0.0,0.0,0.0
1288,288,0.0,0.0,0.0
1289,289,0.0,0.0,0.0
1290,290,0.0,0.0,0.0
1291,291,0.0,0.0,0.0
1292,292,0.0,0.0,0.0
1293,293,0.0,0.0,0.0
1294,294,0.0,0.0,0.0
1295,295,0.0,0.0,0.0
1296,296,0.0,0.0,0.0
1297,297,0.0,0.0,0.0
1298,298,0.0,0.0,0.0
1299,299,0.0,0.0,0.0
1300,300,0.0,0.0,0.0
1301,301,0.0,0.0,0.0
1302,302,0.0,0.0,0.0
1303,303,0.0,0.0,0.0
1304,304,0.0,0.0,0.0
1305,305,0.0,0.0,0.0
1306,306,0.0,0.0,0.0
1307,307,0.0,0.0,0.0
1308,308,0.0,0.0,0.0
1309,309,0.0,0.0,0.0
1310,310,0.0,0.0,0.0
1311,311,0.0,0.0,0.0
1312,312,0.0,0.0,0.0
1313,313,0.0,0.0,0.0
1314,314,0.0,0.0,0.0
1315,315,0.0,0.0,0.0
1316,316,0.0,0.0,0.0
1317,317,0.0,0.0,0.0
1318,318,0.0,0.0,0.0
1319,319,0.0,0.0,0.0
1320,320,0.0,0.0,0.0
1321,321,0.0,0.0,0.0
1322,322,0.0,0.0,0.0
1323,323,0.0,0.0,0.0
1324,324,0.0,0.0,0.0
1325,325,0.0,0.0,0.0
1326,326,0.0,0.0,0.0
1327,327,0.0,0.0,0.0
1328,328,0.0,0.0,0.0
1329,329,0.0,0.0,0.0
1330,330,0.0,0.0,0.0
1331,331,0.0,0.0,0.0
1332,332,0.0,0.0,0.0
1333,333,0.0,0.0,0.0
1334,334,0.0,0.0,0.0
1335,335,0.0,0.0,0.0
1336,336,0.0,0.0,0.0
1337,337,0.0,0.0,0.0
1338,338,0.0,0.0,0.0
1339,339,0.0,0.0,0.0
1340,340,0.0,0.0,0.0
1341,341,0.0,0.0,0.0
1342,342,0.0,0.0,0.0
1343,343,0.0,0.0,0.0
1344,344,0.0,0.0,0.0
1345,345,0.0,0.0,0.0
1346,346,0.0,0.0,0.0
1347,347,0.0,0.0,0.0
1348,348,0.0,0.0,0.0
1349,349,0.0,0.0,0.0
1350,350,0.0,0.0,0.0
1351,351,0.0,0.0,0.0
1352,352,0.0,0.0,0.0
1353,353,0.0,0.0,0.0
1354,354,0.0,0.0,0.0
1355,355,0.0,0.0,0.0
1356,356,0.0,0.0,0.0
1357,357,0.0,0.0,0.0
1358,358,0.0,0.0,0.0
1359,359,0.0,0.0,0.0
1360,360,0.0,0.0,0.0
1361,361,0.0,0.0,0.0
1362,362,0.0,0.0,0.0
1363,363,0.0,0.0,0.0
1364,364,0.0,0.0,0.0
1365,365,0.0,0.0,0.0
1366,366,0.0,0.0,0.0
1367,367,0.0,0.0,0.0
1368,368,0.0,0.0,0.0
1369,369,0.0,0.0,0.0
1370,370,0.0,0.0,0.0
1371,371,0.0,0.0,0.0
1372,372,0.0,0.0,0.0
1373,373,0.0,0.0,0.0
1374,374,0.0,0.0,0.0
1375,375,0.0,0.0,0.0
1376,376,0.0,0.0,0.0
1377,377,0.0,0.0,0.0
1378,378,0.0,0.0,0.0
1379,379,0.0,0.0,0.0
1380,380,0.0,0.0,0.0
1381,381,0.0,0.0,0.0
1382,382,0.0,0.0,0.0
1383,383,0.0,0.0,0.0
1384,384,0.0,0.0,0.0
1385,385,0.0,0.0,0.0
1386,386,0.0,0.0,0.0
1387,387,0.0,0.0,0.0
1388,388,0.0,0.0,0.0
1389,389,0.0,0.0,0.0
1390,390,0.0,0.0,0.0
1391,391,0.0,0.0,0.0
1392,392,0.0,0.0,0.0
1393,393,0.0,0.0,0.0
1394,394,0.0,0.0,0.0
1395,395,0.0,0.0,0.0
1396,396,0.0,0.0,0.0
1397,397,0.0,0.0,0.0
1398,398,0.0,0.0,0.0
1399,399,0.0,0.0,0.0
1400,400,0.0,0.0,0.0
1401,401,0.0,0.0,0.0
1402,402,0.0,0.0,0.0
1403,403,0.0,0.0,0.0
1404,404,0.0,0.0,0.0
1405,405,0.0,0.0,0.0
1406,406,0.0,0.0,0.0
1407,407,0.0,0.0,0.0
1408,408,0.0,0.0,0.0
1409,409,0.0,0.0,0.0
1410,410,0.0,0.0,0.0
1411,411,0.0,0.0,0.0
1412,412,0.0,0.0,0.0
1413,413,0.0,0.0,0.0
1414,414,0.0,0.0,0.0
1415,415,0.0,0.0,0.0
1416,416,0.0,0.0,0.0
1417,417,0.0,0.0,0.0
1418,418,0.0,0.0,0.0
1419,419,0.0,0.0,0.0
1420,420,0.0,0.0,0.0
1421,421,0.0,0.0,0.0
1422,422,0.0,0.0,0.0
1423,423,0.0,0.0,0.0
1424,424,0.0,0.0,0.0
1425,425,0.0,0.0,0.0
1426,426,0.0,0.0,0.0
1427,427,0.0,0.0,0.0
1428,428,0.0,0.0,0.0
1429,429,0.0,0.0,0.0
1430,430,0.0,0.0,0.0
1431,431,0.0,0.0,0.0
1432,432,0.0,0.0,0.0
1433,433,0.0,0.0,0.0
1434,434,0.0,0.0,0.0
1435,435,0.0,0.0,0.0
1436,436,0.0,0.0,0.0
1437,437,0.0,0.0,0.0
1438,438,0.0,0.0,0.0
1439,439,0.0,0.0,0.0
1440,440,0.0,0.0,0.0
1441,441,0.0,0.0,0.0
1442,442,0.0,0.0,0.0
1443,443,0.0,0.0,0.0
1444,444,0.0,0.0,0.0
1445,445,0.0,0.0,0.0
1446,446,0.0,0.0,0.0
1447,447,0.0,0.0,0.0
1448,448,0.0,0.0,0.0
1449,449,0.0,0.0,0.0
1450,450,0.0,0.0,0.0
1451,451,0.0,0.0,0.0
1452,452,0.0,0.0,0.0
1453,453,0.0,0.0,0.0
1454,454,0.0,0.0,0.0
1455,455,0.0,0.0,0.0
1456,456,0.0,0.0,0.0
1457,457,0.0,0.0,0.0
1458,458,0.0,0.0,0.0
1459,459,0.0,0.0,0.0
1460,460,0.0,0.0,0.0
1461,461,0.0,0.0,0.0
1462,462,0.0,0.0,0.0
1463,463,0.0,0.0,0.0
1464,464,0.0,0.0,0.0
1465,465,0.0,0.0,0.0
1466,466,0.0,0.0,0.0
1467,467,0.0,0.0,0.0
1468,468,0.0,0.0,0.0
1469,469,0.0,0.0,0.0
1470,470,0.0,0.0,0.0
1471,471,0.0,0.0,0.0
1472,472,0.0,0.0,0.0
1473,473,0.0,0.0,0.0
1474,474,0.0,0.0,0.0
1475,475,0.0,0.0,0.0
1476,476,0.0,0.0,0.0
1477,477,0.0,0.0,0.0
1478,478,0.0,0.0,0.0
1479,479,0.0,0.0,0.0
1480,480,0.0,0.0,0.0
1481,481,0.0,0.0,0.0
1482,482,0.0,0.0,0.0
1483,483,0.0,0.0,0.0
1484,484,0.0,0.0,0.0
1485,485,0.0,0.0,0.0
1486,486,0.0,0.0,0.0
1487,487,0.0,0.0,0.0
1488,488,0.0,0.0,0.0
1489,489,0.0,0.0,0.0
1490,490,0.0,0.0,0.0
1491,491,0.0,0.0,0.0
1492,492,0.0,0.0,0.0
1493,493,0.0,0.0,0.0
1494,494,0.0,0.0,0.0
1495,495,0.0,0.0,0.0
1496,496,0.0,0.0,0.0
1497,497,0.0,0.0,0.0
1498,498,0.0,0.0,0.0
1499,499,0.0,0.0,0.0
1500,0,0.1077229627491137,0.1,0.0
1501,1,0.2428242628467023,0.1,1.0
1502,2,0.3302666102108918,0.1,2.0
1503,3,0.1239327792170256,0.1,3.0
1504,4,0.2365473312159978,0.1,4.0
1505,5,0.1453980698344656,0.1,5.0
1506,6,0.2522987027171258,0.1,6.0
1507,7,0.0869870974953244,0.1,7.0
1508,8,0.2723935454998797,0.1,8.0
1509,9,0.0955532498970344,0.1,9.0
1510,10,0.2497974689167366,0.1,10.0
1511,11,0.1054792286589952,0.1,11.0
1512,12,0.0623393033139116,0.1,12.0
1513,13,0.1298235784291716,0.1,13.0
1514,14,0.1077984464831942,0.1,14.0
1515,15,0.1110648228596728,0.1,15.0
1516,16,0.3568756014495823,0.1,16.0
1517,17,0.2085431607416417,0.1,17.0
1518,18,0.2761686742486515,0.1,18.0
1519,19,0.2103374284023722,0.1,19.0
1520,20,0.2026973766195293,0.1,20.0
1521,21,0.0968182244443081,0.1,21.0
1522,22,0.1485644504874261,0.1,22.0
1523,23,0.1375893852629392,0.1,23.0
1524,24,0.0820263057559417,0.1,24.0
1525,25,0.0809902170116328,0.1,25.0
1526,26,0.1419201757713422,0.1,26.0
1527,27,0.0580998944101702,0.1,27.0
1528,28,0.2116526583573015,0.1,28.0
1529,29,0.1266945023898228,0.1,29.0
1530,30,0.1904903796184477,0.1,30.0
1531,31,0.0476584987237589,0.1,31.0
1532,32,0.2513470407046017,0.1,32.0
1533,33,0.1134592882662248,0.1,33.0
1534,34,0.3643315927370444,0.1,34.0
1535,35,0.1037702342483484,0.1,35.0
1536,36,0.1542523929687811,0.1,36.0
1537,37,0.1157834991743826,0.1,37.0
1538,38,0.1733732397576087,0.1,38.0
1539,39,0.2392427953501776,0.1,39.0
1540,40,0.1232244717547133,0.1,40.0
1541,41,0.1952620500348677,0.1,41.0
1542,42,0.0333954607973842,0.1,42.0
1543,43,0.1247425094596426,0.1,43.0
1544,44,0.1865238797202121,0.1,44.0
1545,45,0.1063314677414564,0.1,45.0
1546,46,0.0466283065417161,0.1,46.0
1547,47,0.0812082850525202,0.1,47.0
1548,48,0.2303018565628135,0.1,48.0
1549,49,0.1127869843917262,0.1,49.0
1550,50,0.1419950001462388,0.1,50.0
1551,51,0.1645768142384507,0.1,51.0
1552,52,0.0765405722470325,0.1,52.0
1553,53,0.1848220828624416,0.1,53.0
1554,54,0.1181582227046337,0.1,54.0
1555,55,0.0904355492343182,0.1,55.0
1556,56,0.3185754371838799,0.1,56.0
1557,57,0.143498909828544,0.1,57.0
1558,58,0.304594106563273,0.1,58.0
1559,59,0.4035291735785148,0.1,59.0
1560,60,0.1539090996913665,0.1,60.0
1561,61,0.1483087621868387,0.1,61.0
1562,62,0.0382725086138787,0.1,62.0
1563,63,0.2093284265814581,0.1,63.0
1564,64,0.2918314919163217,0.1,64.0
1565,65,0.4037105243332425,0.1,65.0
1566,66,0.2303742006004666,0.1,66.0
1567,67,0.3498127833855025,0.1,67.0
1568,68,0.246299336465969,0.1,68.0
1569,69,0.2033166672136016,0.1,69.0
1570,70,0.2080909327948846,0.1,70.0
1571,71,0.0534550604526185,0.1,71.0
1572,72,0.142580142796116,0.1,72.0
1573,73,0.30328854503392,0.1,73.0
1574,74,0.1560197126344795,0.1,74.0
1575,75,0.1399368830136607,0.1,75.0
1576,76,0.1421536536865832,0.1,76.0
1577,77,0.2283743153985745,0.1,77.0
1578,78,0.118387471479146,0.1,78.0
1579,79,0.0560930001275086,0.1,79.0
1580,80,0.1229518634579352,0.1,80.0
1581,81,0.182041901745489,0.1,81.0
1582,82,0.108434839633064,0.1,82.0
1583,83,0.1972844686625544,0.1,83.0
1584,84,0.0865870035620294,0.1,84.0
1585,85,0.116842120617669,0.1,85.0
1586,86,0.3046569824580708,0.1,86.0
1587,87,0.3055332135698251,0.1,87.0
1588,88,0.1157450340949051,0.1,88.0
1589,89,0.1335089425410179,0.1,89.0
1590,90,0.0278627969856435,0.1,90.0
1591,91,0.3984871660589622,0.1,91.0
1592,92,0.1901081362811252,0.1,92.0
1593,93,0.1911815794883036,0.1,93.0
1594,94,0.0991276072224486,0.1,94.0
1595,95,0.0820212846640275,0.1,95.0
1596,96,0.422498795189466,0.1,96.0
1597,97,0.110842167559728,0.1,97.0
1598,98,0.2908067145403688,0.1,98.0
1599,99,0.3760395121725159,0.1,99.0
1600,100,0.0,0.0,0.0
1601,101,0.0,0.0,0.0
1602,102,0.0,0.0,0.0
1603,103,0.0,0.0,0.0
1604,104,0.0,0.0,0.0
1605,105,0.0,0.0,0.0
1606,106,0.0,0.0,0.0
1607,107,0.0,0.0,0.0
1608,108,0.0,0.0,0.0
1609,109,0.0,0.0,0.0
1610,110,0.0,0.0,0.0
1611,111,0.0,0.0,0.0
1612,112,0.0,0.0,0.0
1613,113,0.0,0.0,0.0
1614,114,0.0,0.0,0.0
1615,115,0.0,0.0,0.0
1616,116,0.0,0.0,0.0
1617,117,0.0,0.0,0.0
1618,118,0.0,0.0,0.0
1619,119,0.0,0.0,0.0
1620,120,0.0,0.0,0.0
1621,121,0.0,0.0,0.0
1622,122,0.0,0.0,0.0
1623,123,0.0,0.0,0.0
1624,124,0.0,0.0,0.0
1625,125,0.0,0.0,0.0
1626,126,0.0,0.0,0.0
1627,127,0.0,0.0,0.0
1628,128,0.0,0.0,0.0
1629,129,0.0,0.0,0.0
1630,130,0.0,0.0,0.0
1631,131,0.0,0.0,0.0
1632,132,0.0,0.0,0.0
1633,133,0.0,0.0,0.0
1634,134,0.0,0.0,0.0
1635,135,0.0,0.0,0.0
1636,136,0.0,0.0,0.0
1637,137,0.0,0.0,0.0
1638,138,0.0,0.0,0.0
1639,139,0.0,0.0,0.0
1640,140,0.0,0.0,0.0
1641,141,0.0,0.0,0.0
1642,142,0.0,0.0,0.0
1643,143,0.0,0.0,0.0
1644,144,0.0,0.0,0.0
1645,145,0.0,0.0,0.0
1646,146,0.0,0.0,0.0
1647,147,0.0,0.0,0.0
1648,148,0.0,0.0,0.0
1649,149,0.0,0.0,0.0
1650,150,0.0,0.0,0.0
1651,151,0.0,0.0,0.0
1652,152,0.0,0.0,0.0
1653,153,0.0,0.0,0.0
1654,154,0.0,0.0,0.0
1655,155,0.0,0.0,0.0
1656,156,0.0,0.0,0.0
1657,157,0.0,0.0,0.0
1658,158,0.0,0.0,0.0
1659,159,0.0,0.0,0.0
1660,160,0.0,0.0,0.0
1661,161,0.0,0.0,0.0
1662,162,0.0,0.0,0.0
1663,163,0.0,0.0,0.0
1664,164,0.0,0.0,0.0
1665,165,0.0,0.0,0.0
1666,166,0.0,0.0,0.0
1667,167,0.0,0.0,0.0
1668,168,0.0,0.0,0.0
1669,169,0.0,0.0,0.0
1670,170,0.0,0.0,0.0
1671,171,0.0,0.0,0.0
1672,172,0.0,0.0,0.0
1673,173,0.0,0.0,0.0
1674,174,0.0,0.0,0.0
1675,175,0.0,0.0,0.0
1676,176,0.0,0.0,0.0
1677,177,0.0,0.0,0.0
1678,178,0.0,0.0,0.0
1679,179,0.0,0.0,0.0
1680,180,0.0,0.0,0.0
1681,181,0.0,0.0,0.0
1682,182,0.0,0.0,0.0
1683,183,0.0,0.0,0.0
1684,184,0.0,0.0,0.0
1685,185,0.0,0.0,0.0
1686,186,0.0,0.0,0.0
1687,187,0.0,0.0,0.0
1688,188,0.0,0.0,0.0
1689,189,0.0,0.0,0.0
1690,190,0.0,0.0,0.0
1691,191,0.0,0.0,0.0
1692,192,0.0,0.0,0.0
1693,193,0.0,0.0,0.0
1694,194,0.0,0.0,0.0
1695,195,0.0,0.0,0.0
1696,196,0.0,0.0,0.0
1697,197,0.0,0.0,0.0
1698,198,0.0,0.0,0.0
1699,199,0.0,0.0,0.0
1700,200,0.0,0.0,0.0
1701,201,0.0,0.0,0.0
1702,202,0.0,0.0,0.0
1703,203,0.0,0.0,0.0
1704,204,0.0,0.0,0.0
1705,205,0.0,0.0,0.0
1706,206,0.0,0.0,0.0
1707,207,0.0,0.0,0.0
1708,208,0.0,0.0,0.0
1709,209,0.0,0.0,0.0
1710,210,0.0,0.0,0.0
1711,211,0.0,0.0,0.0
1712,212,0.0,0.0,0.0
1713,213,0.0,0.0,0.0
1714,214,0.0,0.0,0.0
1715,215,0.0,0.0,0.0
1716,216,0.0,0.0,0.0
1717,217,0.0,0.0,0.0
1718,218,0.0,0.0,0.0
1719,219,0.0,0.0,0.0
1720,220,0.0,0.0,0.0
1721,221,0.0,0.0,0.0
1722,222,0.0,0.0,0.0
1723,223,0.0,0.0,0.0
1724,224,0.0,0.0,0.0
1725,225,0.0,0.0,0.0
1726,226,0.0,0.0,0.0
1727,227,0.0,0.0,0.0
1728,228,0.0,0.0,0.0
1729,229,0.0,0.0,0.0
1730,230,0.0,0.0,0.0
1731,231,0.0,0.0,0.0
1732,232,0.0,0.0,0.0
1733,233,0.0,0.0,0.0
1734,234,0.0,0.0,0.0
1735,235,0.0,0.0,0.0
1736,236,0.0,0.0,0.0
1737,237,0.0,0.0,0.0
1738,238,0.0,0.0,0.0
1739,239,0.0,0.0,0.0
1740,240,0.0,0.0,0.0
1741,241,0.0,0.0,0.0
1742,242,0.0,0.0,0.0
1743,243,0.0,0.0,0.0
1744,244,0.0,0.0,0.0
1745,245,0.0,0.0,0.0
1746,246,0.0,0.0,0.0
1747,247,0.0,0.0,0.0
1748,248,0.0,0.0,0.0
1749,249,0.0,0.0,0.0
1750,250,0.0,0.0,0.0
1751,251,0.0,0.0,0.0
1752,252,0.0,0.0,0.0
1753,253,0.0,0.0,0.0
1754,254,0.0,0.0,0.0
1755,255,0.0,0.0,0.0
1756,256,0.0,0.0,0.0
1757,257,0.0,0.0,0.0
1758,258,0.0,0.0,0.0
1759,259,0.0,0.0,0.0
1760,260,0.0,0.0,0.0
1761,261,0.0,0.0,0.0
1762,262,0.0,0.0,0.0
1763,263,0.0,0.0,0.0
1764,264,0.0,0.0,0.0
1765,265,0.0,0.0,0.0
1766,266,0.0,0.0,0.0
1767,267,0.0,0.0,0.0
1768,268,0.0,0.0,0.0
1769,269,0.0,0.0,0.0
1770,270,0.0,0.0,0.0
1771,271,0.0,0.0,0.0
1772,272,0.0,0.0,0.0
1773,273,0.0,0.0,0.0
1774,274,0.0,0.0,0.0
1775,275,0.0,0.0,0.0
1776,276,0.0,0.0,0.0
1777,277,0.0,0.0,0.0
1778,278,0.0,0.0,0.0
1779,279,0.0,0.0,0.0
1780,280,0.0,0.0,0.0
1781,281,0.0,0.0,0.0
1782,282,0.0,0.0,0.0
1783,283,0.0,0.0,0.0
1784,284,0.0,0.0,0.0
1785,285,0.0,0.0,0.0
1786,286,0.0,0.0,0.0
1787,287,0.0,0.0,0.0
1788,288,0.0,0.0,0.0
1789,289,0.0,0.0,0.0
1790,290,0.0,0.0,0.0
1791,291,0.0,0.0,0.0
1792,292,0.0,0.0,0.0
1793,293,0.0,0.0,0.0
1794,294,0.0,0.0,0.0
1795,295,0.0,0.0,0.0
1796,296,0.0,0.0,0.0
1797,297,0.0,0.0,0.0
1798,298,0.0,0.0,0.0
1799,299,0.0,0.0,0.0
1800,300,0.0,0.0,0.0
1801,301,0.0,0.0,0.0
1802,302,0.0,0.0,0.0
1803,303,0.0,0.0,0.0
1804,304,0.0,0.0,0.0
1805,305,0.0,0.0,0.0
1806,306,0.0,0.0,0.0
1807,307,0.0,0.0,0.0
1808,308,0.0,0.0,0.0
1809,309,0.0,0.0,0.0
1810,310,0.0,0.0,0.0
1811,311,0.0,0.0,0.0
1812,312,0.0,0.0,0.0
1813,313,0.0,0.0,0.0
1814,314,0.0,0.0,0.0
1815,315,0.0,0.0,0.0
1816,316,0.0,0.0,0.0
1817,317,0.0,0.0,0.0
1818,318,0.0,0.0,0.0
1819,319,0.0,0.0,0.0
1820,320,0.0,0.0,0.0
1821,321,0.0,0.0,0.0
1822,322,0.0,0.0,0.0
1823,323,0.0,0.0,0.0
1824,324,0.0,0.0,0.0
1825,325,0.0,0.0,0.0
1826,326,0.0,0.0,0.0
1827,327,0.0,0.0,0.0
1828,328,0.0,0.0,0.0
1829,329,0.0,0.0,0.0
1830,330,0.0,0.0,0.0
1831,331,0.0,0.0,0.0
1832,332,0.0,0.0,0.0
1833,333,0.0,0.0,0.0
1834,334,0.0,0.0,0.0
1835,335,0.0,0.0,0.0
1836,336,0.0,0.0,0.0
1837,337,0.0,0.0,0.0
1838,338,0.0,0.0,0.0
1839,339,0.0,0.0,0.0
1840,340,0.0,0.0,0.0
1841,341,0.0,0.0,0.0
1842,342,0.0,0.0,0.0
1843,343,0.0,0.0,0.0
1844,344,0.0,0.0,0.0
1845,345,0.0,0.0,0.0
1846,346,0.0,0.0,0.0
1847,347,0.0,0.0,0.0
1848,348,0.0,0.0,0.0
1849,349,0.0,0.0,0.0
1850,350,0.0,0.0,0.0
1851,351,0.0,0.0,0.0
1852,352,0.0,0.0,0.0
1853,353,0.0,0.0,0.0
1854,354,0.0,0.0,0.0
1855,355,0.0,0.0,0.0
1856,356,0.0,0.0,0.0
1857,357,0.0,0.0,0.0
1858,358,0.0,0.0,0.0
1859,359,0.0,0.0,0.0
1860,360,0.0,0.0,0.0
1861,361,0.0,0.0,0.0
1862,362,0.0,0.0,0.0
1863,363,0.0,0.0,0.0
1864,364,0.0,0.0,0.0
1865,365,0.0,0.0,0.0
1866,366,0.0,0.0,0.0
1867,367,0.0,0.0,0.0
1868,368,0.0,0.0,0.0
1869,369,0.0,0.0,0.0
1870,370,0.0,0.0,0.0
1871,371,0.0,0.0,0.0
1872,372,0.0,0.0,0.0
1873,373,0.0,0.0,0.0
1874,374,0.0,0.0,0.0
1875,375,0.0,0.0,0.0
1876,376,0.0,0.0,0.0
1877,377,0.0,0.0,0.0
1878,378,0.0,0.0,0.0
1879,379,0.0,0.0,0.0
1880,380,0.0,0.0,0.0
1881,381,0.0,0.0,0.0
1882,382,0.0,0.0,0.0
1883,383,0.0,0.0,0.0
1884,384,0.0,0.0,0.0
1885,385,0.0,0.0,0.0
1886,386,0.0,0.0,0.0
1887,387,0.0,0.0,0.0
1888,388,0.0,0.0,0.0
1889,389,0.0,0.0,0.0
1890,390,0.0,0.0,0.0
1891,391,0.0,0.0,0.0
1892,392,0.0,0.0,0.0
1893,393,0.0,0.0,0.0
1894,394,0.0,0.0,0.0
1895,395,0.0,0.0,0.0
1896,396,0.0,0.0,0.0
1897,397,0.0,0.0,0.0
1898,398,0.0,0.0,0.0
1899,399,0.0,0.0,0.0
1900,400,0.0,0.0,0.0
1901,401,0.0,0.0,0.0
1902,402,0.0,0.0,0.0
1903,403,0.0,0.0,0.0
1904,404,0.0,0.0,0.0
1905,405,0.0,0.0,0.0
1906,406,0.0,0.0,0.0
1907,407,0.0,0.0,0.0
1908,408,0.0,0.0,0.0
1909,409,0.0,0.0,0.0
1910,410,0.0,0.0,0.0
1911,411,0.0,0.0,0.0
1912,412,0.0,0.0,0.0
1913,413,0.0,0.0,0.0
1914,414,0.0,0.0,0.0
1915,415,0.0,0.0,0.0
1916,416,0.0,0.0,0.0
1917,417,0.0,0.0,0.0
1918,418,0.0,0.0,0.0
1919,419,0.0,0.0,0.0
1920,420,0.0,0.0,0.0
1921,421,0.0,0.0,0.0
1922,422,0.0,0.0,0.0
1923,423,0.0,0.0,0.0
1924,424,0.0,0.0,0.0
1925,425,0.0,0.0,0.0
1926,426,0.0,0.0,0.0
1927,427,0.0,0.0,0.0
1928,428,0.0,0.0,0.0
1929,429,0.0,0.0,0.0
1930,430,0.0,0.0,0.0
1931,431,0.0,0.0,0.0
1932,432,0.0,0.0,0.0
1933,433,0.0,0.0,0.0
1934,434,0.0,0.0,0.0
1935,435,0.0,0.0,0.0
1936,436,0.0,0.0,0.0
1937,437,0.0,0.0,0.0
1938,438,0.0,0.0,0.0
1939,439,0.0,0.0,0.0
1940,440,0.0,0.0,0.0
1941,441,0.0,0.0,0.0
1942,442,0.0,0.0,0.0
1943,443,0.0,0.0,0.0
1944,444,0.0,0.0,0.0
1945,445,0.0,0.0,0.0
1946,446,0.0,0.0,0.0
1947,447,0.0,0.0,0.0
1948,448,0.0,0.0,0.0
1949,449,0.0,0.0,0.0
1950,450,0.0,0.0,0.0
1951,451,0.0,0.0,0.0
1952,452,0.0,0.0,0.0
1953,453,0.0,0.0,0.0
1954,454,0.0,0.0,0.0
1955,455,0.0,0.0,0.0
1956,456,0.0,0.0,0.0
1957,457,0.0,0.0,0.0
1958,458,0.0,0.0,0.0
1959,459,0.0,0.0,0.0
1960,460,0.0,0.0,0.0
1961,461,0.0,0.0,0.0
1962,462,0.0,0.0,0.0
1963,463,0.0,0.0,0.0
1964,464,0.0,0.0,0.0
1965,465,0.0,0.0,0.0
1966,466,0.0,0.0,0.0
1967,467,0.0,0.0,0.0
1968,468,0.0,0.0,0.0
1969,469,0.0,0.0,0.0
1970,470,0.0,0.0,0.0
1971,471,0.0,0.0,0.0
1972,472,0.0,0.0,0.0
1973,473,0.0,0.0,0.0
1974,474,0.0,0.0,0.0
1975,475,0.0,0.0,0.0
1976,476,0.0,0.0,0.0
1977,477,0.0,0.0,0.0
1978,478,0.0,0.0,0.0
1979,479,0.0,0.0,0.0
1980,480,0.0,0.0,0.0
1981,481,0.0,0.0,0.0
1982,482,0.0,0.0,0.0
1983,483,0.0,0.0,0.0
1984,484,0.0,0.0,0.0
1985,485,0.0,0.0,0.0
1986,486,0.0,0.0,0.0
1987,487,0.0,0.0,0.0
1988,488,0.0,0.0,0.0
1989,489,0.0,0.0,0.0
1990,490,0.0,0.0,0.0
1991,491,0.0,0.0,0.0
1992,492,0.0,0.0,0.0
1993,493,0.0,0.0,0.0
1994,494,0.0,0.0,0.0
1995,495,0.0,0.0,0.0
1996,496,0.0,0.0,0.0
1997,497,0.0,0.0,0.0
1998,498,0.0,0.0,0.0
1999,499,0.0,0.0,0.0
2000,0,0.0632973385104084,0.001,0.0
2001,1,0.0431216908981826,0.001,1.0
2002,2,0.0233255750330868,0.001,2.0
2003,3,0.0452552989433883,0.001,3.0
2004,4,0.0305160265777068,0.001,4.0
2005,5,0.0897512848550003,0.001,5.0
2006,6,0.0656112863992337,0.001,6.0
2007,7,0.027568902916045,0.001,7.0
2008,8,0.1147582014556111,0.001,8.0
2009,9,0.0509446790690428,0.001,9.0
2010,10,0.0235934849111578,0.001,10.0
2011,11,0.0374856196054735,0.001,11.0
2012,12,0.0936055705048114,0.001,12.0
2013,13,0.0819944894382668,0.001,13.0
2014,14,0.1768671422946479,0.001,14.0
2015,15,0.0668192139067835,0.001,15.0
2016,16,0.0783829357529551,0.001,16.0
2017,17,0.0900692213198964,0.001,17.0
2018,18,0.0631517884489692,0.001,18.0
2019,19,0.2718537388497033,0.001,19.0
2020,20,0.1312540228191669,0.001,20.0
2021,21,0.1293351376447684,0.001,21.0
2022,22,0.1290154574063396,0.001,22.0
2023,23,0.0596274609346233,0.001,23.0
2024,24,0.0477146183976302,0.001,24.0
2025,25,0.0810391000252254,0.001,25.0
2026,26,0.0405489051600208,0.001,26.0
2027,27,0.0687218020999723,0.001,27.0
2028,28,0.0260693468596578,0.001,28.0
2029,29,0.1027247183396026,0.001,29.0
2030,30,0.0946503336757471,0.001,30.0
2031,31,0.1255164486634163,0.001,31.0
2032,32,0.1813830067318981,0.001,32.0
2033,33,0.052037232143507,0.001,33.0
2034,34,0.0537759329736587,0.001,34.0
2035,35,0.0708316190315755,0.001,35.0
2036,36,0.0893162474451465,0.001,36.0
2037,37,0.0604543936331553,0.001,37.0
2038,38,0.146901225814539,0.001,38.0
2039,39,0.1358193676857462,0.001,39.0
2040,40,0.0331928309259937,0.001,40.0
2041,41,0.0659673486715097,0.001,41.0
2042,42,0.0328468741169963,0.001,42.0
2043,43,0.1390428953995828,0.001,43.0
2044,44,0.0866921771127309,0.001,44.0
2045,45,0.0782873111414253,0.001,45.0
2046,46,0.0634389933172603,0.001,46.0
2047,47,0.0964808143649842,0.001,47.0
2048,48,0.1074335637920582,0.001,48.0
2049,49,0.1300638607984474,0.001,49.0
2050,50,0.0682246948459343,0.001,50.0
2051,51,0.085140904609345,0.001,51.0
2052,52,0.0577617606923199,0.001,52.0
2053,53,0.0879019952034924,0.001,53.0
2054,54,0.1203432406548447,0.001,54.0
2055,55,0.0340524876184115,0.001,55.0
2056,56,0.0589303505799106,0.001,56.0
2057,57,0.0314414182417573,0.001,57.0
2058,58,0.0960176945824918,0.001,58.0
2059,59,0.0635857302101126,0.001,59.0
2060,60,0.022814585987402,0.001,60.0
2061,61,0.1133675266595329,0.001,61.0
2062,62,0.0976700548489655,0.001,62.0
2063,63,0.115574672220166,0.001,63.0
2064,64,0.0736027291970813,0.001,64.0
2065,65,0.109202234443514,0.001,65.0
2066,66,0.1232751303396439,0.001,66.0
2067,67,0.0910530108477493,0.001,67.0
2068,68,0.0339814415199809,0.001,68.0
2069,69,0.1671813161797012,0.001,69.0
2070,70,0.1810075929040934,0.001,70.0
2071,71,0.0799333775626232,0.001,71.0
2072,72,0.0585593582358205,0.001,72.0
2073,73,0.0695888555652963,0.001,73.0
2074,74,0.0964366937087926,0.001,74.0
2075,75,0.0944235953312959,0.001,75.0
2076,76,0.125793538148472,0.001,76.0
2077,77,0.1585505282822468,0.001,77.0
2078,78,0.0224719778257659,0.001,78.0
2079,79,0.1046368612163711,0.001,79.0
2080,80,0.0974219335077366,0.001,80.0
2081,81,0.0640026688905807,0.001,81.0
2082,82,0.0860323162280493,0.001,82.0
2083,83,0.0974014069153744,0.001,83.0
2084,84,0.1185757054735072,0.001,84.0
2085,85,0.1085858046442332,0.001,85.0
2086,86,0.056108336269295,0.001,86.0
2087,87,0.0567137783608245,0.001,87.0
2088,88,0.0400688526482404,0.001,88.0
2089,89,0.0751192823360187,0.001,89.0
2090,90,0.1053920281679459,0.001,90.0
2091,91,0.0955194813002419,0.001,91.0
2092,92,0.1413438014753242,0.001,92.0
2093,93,0.0897123317901006,0.001,93.0
2094,94,0.1871616274900251,0.001,94.0
2095,95,0.0820581041392511,0.001,95.0
2096,96,0.0851768405301079,0.001,96.0
2097,97,0.0540285951178061,0.001,97.0
2098,98,0.1061336104242474,0.001,98.0
2099,99,0.0997246554301806,0.001,99.0
2100,100,0.0,0.0,0.0
2101,101,0.0,0.0,0.0
2102,102,0.0,0.0,0.0
2103,103,0.0,0.0,0.0
2104,104,0.0,0.0,0.0
2105,105,0.0,0.0,0.0
2106,106,0.0,0.0,0.0
2107,107,0.0,0.0,0.0
2108,108,0.0,0.0,0.0
2109,109,0.0,0.0,0.0
2110,110,0.0,0.0,0.0
2111,111,0.0,0.0,0.0
2112,112,0.0,0.0,0.0
2113,113,0.0,0.0,0.0
2114,114,0.0,0.0,0.0
2115,115,0.0,0.0,0.0
2116,116,0.0,0.0,0.0
2117,117,0.0,0.0,0.0
2118,118,0.0,0.0,0.0
2119,119,0.0,0.0,0.0
2120,120,0.0,0.0,0.0
2121,121,0.0,0.0,0.0
2122,122,0.0,0.0,0.0
2123,123,0.0,0.0,0.0
2124,124,0.0,0.0,0.0
2125,125,0.0,0.0,0.0
2126,126,0.0,0.0,0.0
2127,127,0.0,0.0,0.0
2128,128,0.0,0.0,0.0
2129,129,0.0,0.0,0.0
2130,130,0.0,0.0,0.0
2131,131,0.0,0.0,0.0
2132,132,0.0,0.0,0.0
2133,133,0.0,0.0,0.0
2134,134,0.0,0.0,0.0
2135,135,0.0,0.0,0.0
2136,136,0.0,0.0,0.0
2137,137,0.0,0.0,0.0
2138,138,0.0,0.0,0.0
2139,139,0.0,0.0,0.0
2140,140,0.0,0.0,0.0
2141,141,0.0,0.0,0.0
2142,142,0.0,0.0,0.0
2143,143,0.0,0.0,0.0
2144,144,0.0,0.0,0.0
2145,145,0.0,0.0,0.0
2146,146,0.0,0.0,0.0
2147,147,0.0,0.0,0.0
2148,148,0.0,0.0,0.0
2149,149,0.0,0.0,0.0
2150,150,0.0,0.0,0.0
2151,151,0.0,0.0,0.0
2152,152,0.0,0.0,0.0
2153,153,0.0,0.0,0.0
2154,154,0.0,0.0,0.0
2155,155,0.0,0.0,0.0
2156,156,0.0,0.0,0.0
2157,157,0.0,0.0,0.0
2158,158,0.0,0.0,0.0
2159,159,0.0,0.0,0.0
2160,160,0.0,0.0,0.0
2161,161,0.0,0.0,0.0
2162,162,0.0,0.0,0.0
2163,163,0.0,0.0,0.0
2164,164,0.0,0.0,0.0
2165,165,0.0,0.0,0.0
2166,166,0.0,0.0,0.0
2167,167,0.0,0.0,0.0
2168,168,0.0,0.0,0.0
2169,169,0.0,0.0,0.0
2170,170,0.0,0.0,0.0
2171,171,0.0,0.0,0.0
2172,172,0.0,0.0,0.0
2173,173,0.0,0.0,0.0
2174,174,0.0,0.0,0.0
2175,175,0.0,0.0,0.0
2176,176,0.0,0.0,0.0
2177,177,0.0,0.0,0.0
2178,178,0.0,0.0,0.0
2179,179,0.0,0.0,0.0
2180,180,0.0,0.0,0.0
2181,181,0.0,0.0,0.0
2182,182,0.0,0.0,0.0
2183,183,0.0,0.0,0.0
2184,184,0.0,0.0,0.0
2185,185,0.0,0.0,0.0
2186,186,0.0,0.0,0.0
2187,187,0.0,0.0,0.0
2188,188,0.0,0.0,0.0
2189,189,0.0,0.0,0.0
2190,190,0.0,0.0,0.0
2191,191,0.0,0.0,0.0
2192,192,0.0,0.0,0.0
2193,193,0.0,0.0,0.0
2194,194,0.0,0.0,0.0
2195,195,0.0,0.0,0.0
2196,196,0.0,0.0,0.0
2197,197,0.0,0.0,0.0
2198,198,0.0,0.0,0.0
2199,199,0.0,0.0,0.0
2200,200,0.0,0.0,0.0
2201,201,0.0,0.0,0.0
2202,202,0.0,0.0,0.0
2203,203,0.0,0.0,0.0
2204,204,0.0,0.0,0.0
2205,205,0.0,0.0,0.0
2206,206,0.0,0.0,0.0
2207,207,0.0,0.0,0.0
2208,208,0.0,0.0,0.0
2209,209,0.0,0.0,0.0
2210,210,0.0,0.0,0.0
2211,211,0.0,0.0,0.0
2212,212,0.0,0.0,0.0
2213,213,0.0,0.0,0.0
2214,214,0.0,0.0,0.0
2215,215,0.0,0.0,0.0
2216,216,0.0,0.0,0.0
2217,217,0.0,0.0,0.0
2218,218,0.0,0.0,0.0
2219,219,0.0,0.0,0.0
2220,220,0.0,0.0,0.0
2221,221,0.0,0.0,0.0
2222,222,0.0,0.0,0.0
2223,223,0.0,0.0,0.0
2224,224,0.0,0.0,0.0
2225,225,0.0,0.0,0.0
2226,226,0.0,0.0,0.0
2227,227,0.0,0.0,0.0
2228,228,0.0,0.0,0.0
2229,229,0.0,0.0,0.0
2230,230,0.0,0.0,0.0
2231,231,0.0,0.0,0.0
2232,232,0.0,0.0,0.0
2233,233,0.0,0.0,0.0
2234,234,0.0,0.0,0.0
2235,235,0.0,0.0,0.0
2236,236,0.0,0.0,0.0
2237,237,0.0,0.0,0.0
2238,238,0.0,0.0,0.0
2239,239,0.0,0.0,0.0
2240,240,0.0,0.0,0.0
2241,241,0.0,0.0,0.0
2242,242,0.0,0.0,0.0
2243,243,0.0,0.0,0.0
2244,244,0.0,0.0,0.0
2245,245,0.0,0.0,0.0
2246,246,0.0,0.0,0.0
2247,247,0.0,0.0,0.0
2248,248,0.0,0.0,0.0
2249,249,0.0,0.0,0.0
2250,250,0.0,0.0,0.0
2251,251,0.0,0.0,0.0
2252,252,0.0,0.0,0.0
2253,253,0.0,0.0,0.0
2254,254,0.0,0.0,0.0
2255,255,0.0,0.0,0.0
2256,256,0.0,0.0,0.0
2257,257,0.0,0.0,0.0
2258,258,0.0,0.0,0.0
2259,259,0.0,0.0,0.0
2260,260,0.0,0.0,0.0
2261,261,0.0,0.0,0.0
2262,262,0.0,0.0,0.0
2263,263,0.0,0.0,0.0
2264,264,0.0,0.0,0.0
2265,265,0.0,0.0,0.0
2266,266,0.0,0.0,0.0
2267,267,0.0,0.0,0.0
2268,268,0.0,0.0,0.0
2269,269,0.0,0.0,0.0
2270,270,0.0,0.0,0.0
2271,271,0.0,0.0,0.0
2272,272,0.0,0.0,0.0
2273,273,0.0,0.0,0.0
2274,274,0.0,0.0,0.0
2275,275,0.0,0.0,0.0
2276,276,0.0,0.0,0.0
2277,277,0.0,0.0,0.0
2278,278,0.0,0.0,0.0
2279,279,0.0,0.0,0.0
2280,280,0.0,0.0,0.0
2281,281,0.0,0.0,0.0
2282,282,0.0,0.0,0.0
2283,283,0.0,0.0,0.0
2284,284,0.0,0.0,0.0
2285,285,0.0,0.0,0.0
2286,286,0.0,0.0,0.0
2287,287,0.0,0.0,0.0
2288,288,0.0,0.0,0.0
2289,289,0.0,0.0,0.0
2290,290,0.0,0.0,0.0
2291,291,0.0,0.0,0.0
2292,292,0.0,0.0,0.0
2293,293,0.0,0.0,0.0
2294,294,0.0,0.0,0.0
2295,295,0.0,0.0,0.0
2296,296,0.0,0.0,0.0
2297,297,0.0,0.0,0.0
2298,298,0.0,0.0,0.0
2299,299,0.0,0.0,0.0
2300,300,0.0,0.0,0.0
2301,301,0.0,0.0,0.0
2302,302,0.0,0.0,0.0
2303,303,0.0,0.0,0.0
2304,304,0.0,0.0,0.0
2305,305,0.0,0.0,0.0
2306,306,0.0,0.0,0.0
2307,307,0.0,0.0,0.0
2308,308,0.0,0.0,0.0
2309,309,0.0,0.0,0.0
2310,310,0.0,0.0,0.0
2311,311,0.0,0.0,0.0
2312,312,0.0,0.0,0.0
2313,313,0.0,0.0,0.0
2314,314,0.0,0.0,0.0
2315,315,0.0,0.0,0.0
2316,316,0.0,0.0,0.0
2317,317,0.0,0.0,0.0
2318,318,0.0,0.0,0.0
2319,319,0.0,0.0,0.0
2320,320,0.0,0.0,0.0
2321,321,0.0,0.0,0.0
2322,322,0.0,0.0,0.0
2323,323,0.0,0.0,0.0
2324,324,0.0,0.0,0.0
2325,325,0.0,0.0,0.0
2326,326,0.0,0.0,0.0
2327,327,0.0,0.0,0.0
2328,328,0.0,0.0,0.0
2329,329,0.0,0.0,0.0
2330,330,0.0,0.0,0.0
2331,331,0.0,0.0,0.0
2332,332,0.0,0.0,0.0
2333,333,0.0,0.0,0.0
2334,334,0.0,0.0,0.0
2335,335,0.0,0.0,0.0
2336,336,0.0,0.0,0.0
2337,337,0.0,0.0,0.0
2338,338,0.0,0.0,0.0
2339,339,0.0,0.0,0.0
2340,340,0.0,0.0,0.0
2341,341,0.0,0.0,0.0
2342,342,0.0,0.0,0.0
2343,343,0.0,0.0,0.0
2344,344,0.0,0.0,0.0
2345,345,0.0,0.0,0.0
2346,346,0.0,0.0,0.0
2347,347,0.0,0.0,0.0
2348,348,0.0,0.0,0.0
2349,349,0.0,0.0,0.0
2350,350,0.0,0.0,0.0
2351,351,0.0,0.0,0.0
2352,352,0.0,0.0,0.0
2353,353,0.0,0.0,0.0
2354,354,0.0,0.0,0.0
2355,355,0.0,0.0,0.0
2356,356,0.0,0.0,0.0
2357,357,0.0,0.0,0.0
2358,358,0.0,0.0,0.0
2359,359,0.0,0.0,0.0
2360,360,0.0,0.0,0.0
2361,361,0.0,0.0,0.0
2362,362,0.0,0.0,0.0
2363,363,0.0,0.0,0.0
2364,364,0.0,0.0,0.0
2365,365,0.0,0.0,0.0
2366,366,0.0,0.0,0.0
2367,367,0.0,0.0,0.0
2368,368,0.0,0.0,0.0
2369,369,0.0,0.0,0.0
2370,370,0.0,0.0,0.0
2371,371,0.0,0.0,0.0
2372,372,0.0,0.0,0.0
2373,373,0.0,0.0,0.0
2374,374,0.0,0.0,0.0
2375,375,0.0,0.0,0.0
2376,376,0.0,0.0,0.0
2377,377,0.0,0.0,0.0
2378,378,0.0,0.0,0.0
2379,379,0.0,0.0,0.0
2380,380,0.0,0.0,0.0
2381,381,0.0,0.0,0.0
2382,382,0.0,0.0,0.0
2383,383,0.0,0.0,0.0
2384,384,0.0,0.0,0.0
2385,385,0.0,0.0,0.0
2386,386,0.0,0.0,0.0
2387,387,0.0,0.0,0.0
2388,388,0.0,0.0,0.0
2389,389,0.0,0.0,0.0
2390,390,0.0,0.0,0.0
2391,391,0.0,0.0,0.0
2392,392,0.0,0.0,0.0
2393,393,0.0,0.0,0.0
2394,394,0.0,0.0,0.0
2395,395,0.0,0.0,0.0
2396,396,0.0,0.0,0.0
2397,397,0.0,0.0,0.0
2398,398,0.0,0.0,0.0
2399,399,0.0,0.0,0.0
2400,400,0.0,0.0,0.0
2401,401,0.0,0.0,0.0
2402,402,0.0,0.0,0.0
2403,403,0.0,0.0,0.0
2404,404,0.0,0.0,0.0
2405,405,0.0,0.0,0.0
2406,406,0.0,0.0,0.0
2407,407,0.0,0.0,0.0
2408,408,0.0,0.0,0.0
2409,409,0.0,0.0,0.0
2410,410,0.0,0.0,0.0
2411,411,0.0,0.0,0.0
2412,412,0.0,0.0,0.0
2413,413,0.0,0.0,0.0
2414,414,0.0,0.0,0.0
2415,415,0.0,0.0,0.0
2416,416,0.0,0.0,0.0
2417,417,0.0,0.0,0.0
2418,418,0.0,0.0,0.0
2419,419,0.0,0.0,0.0
2420,420,0.0,0.0,0.0
2421,421,0.0,0.0,0.0
2422,422,0.0,0.0,0.0
2423,423,0.0,0.0,0.0
2424,424,0.0,0.0,0.0
2425,425,0.0,0.0,0.0
2426,426,0.0,0.0,0.0
2427,427,0.0,0.0,0.0
2428,428,0.0,0.0,0.0
2429,429,0.0,0.0,0.0
2430,430,0.0,0.0,0.0
2431,431,0.0,0.0,0.0
2432,432,0.0,0.0,0.0
2433,433,0.0,0.0,0.0
2434,434,0.0,0.0,0.0
2435,435,0.0,0.0,0.0
2436,436,0.0,0.0,0.0
2437,437,0.0,0.0,0.0
2438,438,0.0,0.0,0.0
2439,439,0.0,0.0,0.0
2440,440,0.0,0.0,0.0
2441,441,0.0,0.0,0.0
2442,442,0.0,0.0,0.0
2443,443,0.0,0.0,0.0
2444,444,0.0,0.0,0.0
2445,445,0.0,0.0,0.0
2446,446,0.0,0.0,0.0
2447,447,0.0,0.0,0.0
2448,448,0.0,0.0,0.0
2449,449,0.0,0.0,0.0
2450,450,0.0,0.0,0.0
2451,451,0.0,0.0,0.0
2452,452,0.0,0.0,0.0
2453,453,0.0,0.0,0.0
2454,454,0.0,0.0,0.0
2455,455,0.0,0.0,0.0
2456,456,0.0,0.0,0.0
2457,457,0.0,0.0,0.0
2458,458,0.0,0.0,0.0
2459,459,0.0,0.0,0.0
2460,460,0.0,0.0,0.0
2461,461,0.0,0.0,0.0
2462,462,0.0,0.0,0.0
2463,463,0.0,0.0,0.0
2464,464,0.0,0.0,0.0
2465,465,0.0,0.0,0.0
2466,466,0.0,0.0,0.0
2467,467,0.0,0.0,0.0
2468,468,0.0,0.0,0.0
2469,469,0.0,0.0,0.0
2470,470,0.0,0.0,0.0
2471,471,0.0,0.0,0.0
2472,472,0.0,0.0,0.0
2473,473,0.0,0.0,0.0
2474,474,0.0,0.0,0.0
2475,475,0.0,0.0,0.0
2476,476,0.0,0.0,0.0
2477,477,0.0,0.0,0.0
2478,478,0.0,0.0,0.0
2479,479,0.0,0.0,0.0
2480,480,0.0,0.0,0.0
2481,481,0.0,0.0,0.0
2482,482,0.0,0.0,0.0
2483,483,0.0,0.0,0.0
2484,484,0.0,0.0,0.0
2485,485,0.0,0.0,0.0
2486,486,0.0,0.0,0.0
2487,487,0.0,0.0,0.0
2488,488,0.0,0.0,0.0
2489,489,0.0,0.0,0.0
2490,490,0.0,0.0,0.0
2491,491,0.0,0.0,0.0
2492,492,0.0,0.0,0.0
2493,493,0.0,0.0,0.0
2494,494,0.0,0.0,0.0
2495,495,0.0,0.0,0.0
2496,496,0.0,0.0,0.0
2497,497,0.0,0.0,0.0
2498,498,0.0,0.0,0.0
2499,499,0.0,0.0,0.0
